Date,Logical,Integer,Real,Factor
#NNAA,#NNAA,#NNAA,#NNAA,#NNAA
#NNAA,#NNAA,#NNAA,#NNAA,#NNAA
01/01/2013, TRUE, 74,67.64,Washington.DC
01/02/2013,FALSE, 32,52.42,Denver
01/03/2013, TRUE, 20,52.42,Atlanta
01/04/2013, TRUE, 51,77.96,Seattle
01/05/2013, TRUE, 88,41.67,SanFrancisco
01/06/2013,FALSE, 54,16.52,Miami
01/07/2013,FALSE, 20,77.04,Atlanta
01/08/2013, TRUE, 72,74.22,Atlanta
01/09/2013, TRUE, 54,54.87,NewYork
01/10/2013, TRUE, 76,38.90,Chicago
01/11/2013, TRUE, 82,52.42,Washington.DC
01/12/2013,NA, 35,54.87,Miami
01/13/2013, TRUE, 49,45.10,Seattle
01/14/2013, TRUE, 49,58.56,LosAngeles
01/15/2013, TRUE, 56,16.52,Atlanta
01/16/2013, TRUE, 85,16.52,Houston
01/17/2013, TRUE, 18,41.67,Denver
01/18/2013, TRUE,  2,74.22,Atlanta
01/19/2013, TRUE, 68,58.56,Denver
01/20/2013, TRUE, 19,58.56,SanFrancisco
01/21/2013, TRUE, 13,58.56,LosAngeles
01/22/2013,FALSE,  6,46.42,Houston
01/23/2013, TRUE,  5,38.90,Chicago
01/24/2013, TRUE, 66,54.51,Chicago
01/25/2013, TRUE, 46,67.64,Seattle
01/26/2013,FALSE, 81,54.51,Washington.DC
01/27/2013, TRUE, 59,54.51,Washington.DC
01/28/2013, TRUE, 54,52.90,Denver
01/29/2013, TRUE, 60,19.48,SanFrancisco
01/30/2013,FALSE, 50,52.42,Chicago
01/31/2013, TRUE, 74,52.90,Washington.DC
02/01/2013, TRUE, 60,41.67,Washington.DC
02/02/2013, TRUE, 40,54.87,NewYork
02/03/2013, TRUE, 81,16.52,SanFrancisco
02/04/2013, TRUE, 60,52.90,Houston
02/05/2013, TRUE, 79,66.86,Seattle
02/06/2013, TRUE, 39,47.06,Atlanta
02/07/2013, TRUE, 89,74.22,Houston
02/08/2013, TRUE,  8,45.10,NewYork
02/09/2013, TRUE, 31,45.10,LosAngeles
02/10/2013, TRUE, 98,54.87,Atlanta
02/11/2013, TRUE, 99,16.93,LosAngeles
02/12/2013, TRUE, 56,73.97,NewYork
02/13/2013, TRUE, 13,77.96,Houston
02/14/2013, TRUE, 15,52.42,NewYork
02/15/2013,FALSE, 59,16.93,LosAngeles
02/16/2013, TRUE, 45,41.67,Houston
02/17/2013, TRUE, 54,47.06,Houston
02/18/2013, TRUE, 89,93.38,Atlanta
02/19/2013, TRUE, 48,54.51,Miami
02/20/2013, TRUE, 56,41.67,NewYork
02/21/2013, TRUE, 66,41.67,Seattle
02/22/2013, TRUE, 56,38.90,LosAngeles
02/23/2013, TRUE, 51,19.48,Chicago
02/24/2013,FALSE, 22,54.51,Denver
02/25/2013, TRUE, 85,45.10,Miami
02/26/2013, TRUE, 70,58.56,LosAngeles
02/27/2013, TRUE, 66,52.42,SanFrancisco
02/28/2013, TRUE, 51,52.90,Atlanta
03/01/2013, TRUE, 57,67.64,LosAngeles
03/02/2013, TRUE, 46,58.56,Denver
03/03/2013, TRUE, 69,16.52,Chicago
03/04/2013, TRUE, 80,19.48,Miami
03/05/2013, TRUE, 19,54.51,Seattle
03/06/2013, TRUE, 63,47.06,Denver
03/07/2013, TRUE, 92,73.97,NewYork
03/08/2013, TRUE, 39,16.52,NewYork
03/09/2013, TRUE, 38,45.10,Washington.DC
03/10/2013, TRUE, 59,38.90,SanFrancisco
03/11/2013, TRUE, 34,38.90,NewYork
03/12/2013, TRUE, 35,73.97,Houston
03/13/2013, TRUE, 18,47.06,Atlanta
03/14/2013, TRUE, 65,77.96,Atlanta
03/15/2013, TRUE, 99,73.97,LosAngeles
03/16/2013, TRUE, 69,66.86,Miami
03/17/2013, TRUE,  1,77.04,Miami
03/18/2013, TRUE,  6,46.42,Atlanta
03/19/2013, TRUE, 46,47.06,Miami
03/20/2013,NA, 61,46.42,Denver
03/21/2013, TRUE, 38,16.93,LosAngeles
03/22/2013, TRUE, 44,52.90,SanFrancisco
03/23/2013,NA, 28,47.06,Denver
03/24/2013, TRUE, 22,93.38,Seattle
03/25/2013, TRUE, 12,54.87,Miami
03/26/2013,FALSE, 65,47.06,Washington.DC
03/27/2013, TRUE, 40,58.56,SanFrancisco
03/28/2013,NA, 47,73.97,LosAngeles
03/29/2013,FALSE, 92,41.67,Seattle
03/30/2013, TRUE, 44,19.48,Atlanta
03/31/2013, TRUE, 93,73.97,Miami
04/01/2013, TRUE, 81,54.87,SanFrancisco
04/02/2013,FALSE, 35,16.93,Houston
04/03/2013, TRUE, 11,77.04,Houston
04/04/2013,NA, 12,66.86,Washington.DC
04/05/2013, TRUE, 85,77.04,Seattle
04/06/2013, TRUE, 96,41.67,Washington.DC
04/07/2013, TRUE,  4,66.86,Chicago
04/08/2013,FALSE, 51,46.42,NewYork
04/09/2013, TRUE, 28,19.48,LosAngeles
04/10/2013, TRUE,  9,47.06,Miami
04/11/2013,FALSE, 91,46.42,Seattle
04/12/2013, TRUE, 76,19.48,Atlanta
04/13/2013, TRUE, 34,47.06,Seattle
04/14/2013, TRUE,  7,45.10,Chicago
04/15/2013, TRUE,  2,16.52,Washington.DC
04/16/2013, TRUE, 76,66.86,Houston
04/17/2013, TRUE,100,77.04,Miami
04/18/2013,FALSE, 83,77.04,Miami
04/19/2013, TRUE, 94,93.38,Atlanta
04/20/2013, TRUE, 22,46.42,Miami
04/21/2013, TRUE, 70,52.90,Seattle
04/22/2013, TRUE, 23,16.52,Washington.DC
04/23/2013,NA, 65,58.56,Atlanta
04/24/2013, TRUE, 27,52.42,Seattle
04/25/2013, TRUE, 84,52.90,Seattle
04/26/2013, TRUE, 86,93.38,Denver
04/27/2013, TRUE, 52,45.10,Seattle
04/28/2013, TRUE, 62,67.64,Seattle
04/29/2013, TRUE, 13,77.96,SanFrancisco
04/30/2013, TRUE, 56,19.48,LosAngeles
05/01/2013,FALSE, 38,54.87,Houston
05/02/2013, TRUE, 83,54.87,LosAngeles
05/03/2013, TRUE, 46,54.87,Denver
05/04/2013, TRUE, 94,77.04,Miami
05/05/2013, TRUE, 18,45.10,Denver
05/06/2013, TRUE, 75,66.86,Miami
05/07/2013, TRUE, 57,52.42,Miami
05/08/2013, TRUE, 38,52.90,Washington.DC
05/09/2013, TRUE, 78,16.93,Seattle
05/10/2013, TRUE, 77,46.42,Miami
05/11/2013, TRUE, 29,54.87,NewYork
05/12/2013,FALSE, 79,41.67,Washington.DC
05/13/2013, TRUE, 71,74.22,Denver
05/14/2013,NA, 13,47.06,Chicago
05/15/2013, TRUE, 66,54.51,Atlanta
05/16/2013, TRUE, 55,52.42,Miami
05/17/2013, TRUE, 74,58.56,SanFrancisco
05/18/2013, TRUE, 96,16.52,Denver
05/19/2013, TRUE,  4,16.52,Houston
05/20/2013, TRUE, 58,46.42,NewYork
05/21/2013, TRUE, 45,41.67,Miami
05/22/2013,FALSE, 30,74.22,Atlanta
05/23/2013, TRUE,  4,47.06,Houston
05/24/2013, TRUE, 49,54.51,Seattle
05/25/2013, TRUE,  8,77.96,NewYork
05/26/2013, TRUE, 93,77.04,LosAngeles
05/27/2013, TRUE, 44,19.48,Chicago
05/28/2013, TRUE, 16,46.42,LosAngeles
05/29/2013, TRUE, 46,77.96,Houston
05/30/2013, TRUE, 60,66.86,NewYork
05/31/2013, TRUE,  1,47.06,NewYork
06/01/2013,FALSE, 64,58.56,Washington.DC
06/02/2013,NA, 58,41.67,Chicago
06/03/2013, TRUE, 38,54.87,Miami
06/04/2013,NA, 75,41.67,Washington.DC
06/05/2013, TRUE, 85,58.56,SanFrancisco
06/06/2013, TRUE, 31,54.51,Chicago
06/07/2013, TRUE, 98,41.67,Miami
06/08/2013, TRUE,  7,74.22,SanFrancisco
06/09/2013, TRUE, 27,46.42,SanFrancisco
06/10/2013, TRUE,  4,67.64,Denver
06/11/2013,FALSE, 57,46.42,Denver
06/12/2013, TRUE, 53,47.06,Chicago
06/13/2013, TRUE, 27,16.52,Seattle
06/14/2013, TRUE, 49,16.52,Miami
06/15/2013, TRUE, 24,16.52,Denver
06/16/2013, TRUE, 69,77.04,SanFrancisco
06/17/2013, TRUE, 21,16.52,Seattle
06/18/2013, TRUE, 76,52.90,SanFrancisco
06/19/2013, TRUE, 29,47.06,Washington.DC
06/20/2013, TRUE, 22,54.87,LosAngeles
06/21/2013, TRUE, 75,52.42,Seattle
06/22/2013,FALSE,  3,67.64,Miami
06/23/2013, TRUE, 45,52.90,Denver
06/24/2013, TRUE, 41,93.38,LosAngeles
06/25/2013, TRUE, 56,47.06,Atlanta
06/26/2013,FALSE, 77,77.04,Denver
06/27/2013, TRUE, 92,93.38,Chicago
06/28/2013, TRUE, 42,77.96,Washington.DC
06/29/2013, TRUE, 76,77.96,Denver
06/30/2013,NA, 99,58.56,NewYork
07/01/2013, TRUE,100,47.06,Chicago
07/02/2013, TRUE, 45,77.96,Atlanta
07/03/2013, TRUE, 35,41.67,Miami
07/04/2013, TRUE, 68,74.22,Seattle
07/05/2013, TRUE, 97,77.04,SanFrancisco
07/06/2013, TRUE, 77,93.38,SanFrancisco
07/07/2013, TRUE, 96,41.67,Seattle
07/08/2013, TRUE, 87,73.97,Chicago
07/09/2013,NA, 75,19.48,Denver
07/10/2013, TRUE, 97,46.42,LosAngeles
07/11/2013, TRUE, 66,52.90,Denver
07/12/2013, TRUE, 34,73.97,Miami
07/13/2013, TRUE, 96,67.64,Houston
07/14/2013, TRUE, 55,77.96,LosAngeles
07/15/2013, TRUE, 67,45.10,Miami
07/16/2013, TRUE, 12,16.93,NewYork
07/17/2013, TRUE, 83,52.42,LosAngeles
07/18/2013, TRUE, 38,52.90,NewYork
07/19/2013, TRUE, 78,93.38,Atlanta
07/20/2013, TRUE, 51,66.86,Washington.DC
07/21/2013, TRUE, 81,66.86,SanFrancisco
07/22/2013,FALSE, 39,54.51,Seattle
07/23/2013, TRUE, 71,16.93,Denver
07/24/2013, TRUE, 49,47.06,SanFrancisco
07/25/2013, TRUE,  5,46.42,Miami
07/26/2013, TRUE, 25,58.56,SanFrancisco
07/27/2013,FALSE, 91,16.52,Miami
07/28/2013, TRUE, 23,19.48,Atlanta
07/29/2013, TRUE, 91,77.96,Chicago
07/30/2013, TRUE, 93,74.22,Houston
07/31/2013, TRUE, 70,77.96,Chicago
08/01/2013, TRUE, 67,52.42,SanFrancisco
08/02/2013, TRUE, 39,19.48,Chicago
08/03/2013, TRUE, 18,77.04,Houston
08/04/2013, TRUE, 15,46.42,Chicago
08/05/2013, TRUE, 82,93.38,SanFrancisco
08/06/2013, TRUE, 82,77.04,LosAngeles
08/07/2013, TRUE, 11,46.42,Denver
08/08/2013, TRUE, 25,54.51,Houston
08/09/2013, TRUE,  7,66.86,Chicago
08/10/2013,FALSE, 80,38.90,Denver
08/11/2013,FALSE,  1,46.42,Seattle
08/12/2013, TRUE, 19,74.22,Miami
08/13/2013, TRUE, 92,52.42,Denver
08/14/2013, TRUE, 35,67.64,Chicago
08/15/2013, TRUE, 52,73.97,Denver
08/16/2013, TRUE, 32,47.06,Washington.DC
08/17/2013, TRUE, 89,16.52,Chicago
08/18/2013,FALSE, 80,16.52,Miami
08/19/2013, TRUE, 81,47.06,SanFrancisco
08/20/2013, TRUE, 32,16.52,LosAngeles
08/21/2013, TRUE,100,45.10,SanFrancisco
08/22/2013, TRUE, 42,67.64,Houston
08/23/2013, TRUE, 59,46.42,Miami
08/24/2013,FALSE, 10,67.64,Seattle
08/25/2013, TRUE, 61,47.06,SanFrancisco
08/26/2013, TRUE, 76,74.22,Chicago
08/27/2013, TRUE, 43,46.42,Washington.DC
08/28/2013, TRUE, 42,77.04,Denver
08/29/2013, TRUE, 88,77.04,SanFrancisco
08/30/2013,FALSE, 16,73.97,Houston
08/31/2013, TRUE, 12,77.96,Miami
09/01/2013, TRUE, 74,52.90,Washington.DC
09/02/2013,NA, 72,16.52,Chicago
09/03/2013, TRUE, 91,52.42,Atlanta
09/04/2013, TRUE, 61,77.04,Seattle
09/05/2013, TRUE, 43,77.04,Seattle
09/06/2013,FALSE, 87,19.48,Chicago
09/07/2013, TRUE, 12,77.96,Seattle
09/08/2013, TRUE, 30,54.51,SanFrancisco
09/09/2013, TRUE, 73,74.22,Denver
09/10/2013, TRUE, 54,74.22,Atlanta
09/11/2013, TRUE, 59,52.90,Atlanta
09/12/2013,NA, 61,93.38,Chicago
09/13/2013,FALSE, 74,58.56,SanFrancisco
09/14/2013, TRUE,  9,46.42,LosAngeles
09/15/2013, TRUE, 12,54.87,LosAngeles
09/16/2013, TRUE, 43,46.42,Atlanta
09/17/2013, TRUE, 18,47.06,Washington.DC
09/18/2013, TRUE, 45,45.10,Washington.DC
09/19/2013, TRUE, 27,54.87,NewYork
09/20/2013, TRUE,  2,45.10,Houston
09/21/2013, TRUE, 22,77.96,Washington.DC
09/22/2013,NA,  5,45.10,SanFrancisco
09/23/2013, TRUE, 31,58.56,Seattle
09/24/2013, TRUE, 10,66.86,Washington.DC
09/25/2013, TRUE, 37,77.96,Washington.DC
09/26/2013, TRUE, 39,93.38,Atlanta
09/27/2013, TRUE, 77,67.64,SanFrancisco
09/28/2013, TRUE, 86,54.87,NewYork
09/29/2013,NA, 70,16.93,LosAngeles
09/30/2013, TRUE, 64,54.51,Houston
10/01/2013, TRUE, 56,16.52,Washington.DC
10/02/2013,FALSE, 64,77.96,Atlanta
10/03/2013, TRUE, 14,66.86,Chicago
10/04/2013, TRUE, 88,41.67,Denver
10/05/2013, TRUE, 94,38.90,Chicago
10/06/2013, TRUE, 56,16.93,Washington.DC
10/07/2013, TRUE, 26,77.96,Atlanta
10/08/2013, TRUE,100,54.87,Chicago
10/09/2013,FALSE,  6,66.86,Miami
10/10/2013, TRUE, 95,77.04,Chicago
10/11/2013, TRUE, 70,41.67,Washington.DC
10/12/2013, TRUE, 95,54.87,LosAngeles
10/13/2013,FALSE,  1,67.64,Miami
10/14/2013, TRUE, 18,45.10,SanFrancisco
10/15/2013, TRUE, 89,46.42,Seattle
10/16/2013,NA, 59,54.87,Miami
10/17/2013, TRUE, 16,73.97,SanFrancisco
10/18/2013, TRUE, 29,93.38,Houston
10/19/2013, TRUE,  5,19.48,Houston
10/20/2013, TRUE, 24,58.56,SanFrancisco
10/21/2013,FALSE,  2,41.67,SanFrancisco
10/22/2013, TRUE, 66,38.90,Miami
10/23/2013,FALSE, 14,77.04,Chicago
10/24/2013, TRUE, 20,52.42,Washington.DC
10/25/2013, TRUE, 21,16.93,Chicago
10/26/2013, TRUE, 85,52.42,NewYork
10/27/2013, TRUE,  8,46.42,Washington.DC
10/28/2013, TRUE,  8,46.42,LosAngeles
10/29/2013, TRUE, 32,16.93,LosAngeles
10/30/2013, TRUE, 75,19.48,Miami
10/31/2013, TRUE, 42,38.90,Miami
11/01/2013, TRUE, 55,46.42,Seattle
11/02/2013,FALSE, 69,67.64,Chicago
11/03/2013, TRUE, 11,45.10,Washington.DC
11/04/2013, TRUE,  5,45.10,Denver
11/05/2013, TRUE,  4,66.86,NewYork
11/06/2013, TRUE, 40,46.42,NewYork
11/07/2013, TRUE, 93,46.42,LosAngeles
11/08/2013,FALSE, 59,58.56,Chicago
11/09/2013, TRUE, 90,19.48,Seattle
11/10/2013, TRUE, 52,77.96,Houston
11/11/2013, TRUE, 45,38.90,NewYork
11/12/2013, TRUE, 60,45.10,Seattle
11/13/2013, TRUE, 82,52.90,NewYork
11/14/2013, TRUE, 63,38.90,SanFrancisco
11/15/2013, TRUE, 39,93.38,Denver
11/16/2013,FALSE, 88,52.90,Washington.DC
11/17/2013, TRUE, 99,45.10,SanFrancisco
11/18/2013, TRUE, 15,66.86,NewYork
11/19/2013, TRUE,100,41.67,Miami
11/20/2013,FALSE, 17,66.86,Chicago
11/21/2013,NA, 79,93.38,Chicago
11/22/2013, TRUE, 41,16.93,Atlanta
11/23/2013, TRUE, 28,16.52,SanFrancisco
11/24/2013, TRUE, 21,16.52,Miami
11/25/2013, TRUE, 98,73.97,SanFrancisco
11/26/2013,FALSE, 53,41.67,SanFrancisco
11/27/2013, TRUE, 61,41.67,Atlanta
11/28/2013, TRUE, 87,67.64,Washington.DC
11/29/2013, TRUE, 47,67.64,Denver
11/30/2013, TRUE, 39,54.51,Chicago
12/01/2013, TRUE, 21,58.56,Houston
12/02/2013, TRUE, 87,41.67,NewYork
12/03/2013, TRUE, 76,73.97,Seattle
12/04/2013, TRUE, 59,77.96,Chicago
12/05/2013, TRUE,  7,67.64,Denver
12/06/2013, TRUE, 57,74.22,Chicago
12/07/2013, TRUE, 18,46.42,LosAngeles
12/08/2013, TRUE,  1,41.67,LosAngeles
12/09/2013, TRUE, 98,54.87,Houston
12/10/2013, TRUE, 66,54.87,SanFrancisco
12/11/2013,FALSE, 56,54.51,SanFrancisco
12/12/2013, TRUE, 40,93.38,Seattle
12/13/2013, TRUE,  3,16.93,Chicago
12/14/2013, TRUE,  8,77.04,Atlanta
12/15/2013, TRUE, 22,77.04,NewYork
12/16/2013, TRUE, 50,46.42,Miami
12/17/2013, TRUE, 60,52.90,Houston
12/18/2013, TRUE, 94,52.90,Miami
12/19/2013, TRUE, 17,93.38,Houston
12/20/2013, TRUE, 88,93.38,NewYork
12/21/2013, TRUE, 93,93.38,SanFrancisco
12/22/2013, TRUE, 26,38.90,Chicago
12/23/2013, TRUE, 23,16.93,Miami
12/24/2013, TRUE, 46,77.04,Houston
12/25/2013, TRUE, 70,77.96,NewYork
12/26/2013, TRUE, 69,52.90,Washington.DC
12/27/2013, TRUE, 85,67.64,Atlanta
12/28/2013, TRUE, 17,16.93,Miami
12/29/2013, TRUE, 57,45.10,Miami
12/30/2013, TRUE, 30,38.90,LosAngeles
12/31/2013, TRUE, 52,41.67,Washington.DC
01/01/2014, TRUE,  2,77.04,Chicago
01/02/2014, TRUE, 73,54.51,Atlanta
01/03/2014, TRUE, 74,77.96,NewYork
01/04/2014, TRUE, 21,46.42,Houston
01/05/2014,FALSE, 70,41.67,Denver
01/06/2014, TRUE, 37,66.86,Atlanta
01/07/2014,FALSE, 59,77.96,Washington.DC
01/08/2014, TRUE, 42,16.52,SanFrancisco
01/09/2014, TRUE, 20,93.38,Chicago
01/10/2014, TRUE, 57,66.86,LosAngeles
01/11/2014, TRUE, 14,93.38,Miami
01/12/2014,FALSE,  8,52.90,Seattle
01/13/2014, TRUE, 36,67.64,Houston
01/14/2014, TRUE,  1,74.22,NewYork
01/15/2014, TRUE,  6,38.90,Atlanta
01/16/2014, TRUE, 11,41.67,Denver
01/17/2014, TRUE, 98,77.96,Seattle
01/18/2014,FALSE, 31,46.42,SanFrancisco
01/19/2014,FALSE, 44,38.90,SanFrancisco
01/20/2014, TRUE, 79,52.42,NewYork
01/21/2014, TRUE, 10,54.87,SanFrancisco
01/22/2014, TRUE, 19,52.42,Miami
01/23/2014, TRUE, 87,73.97,Atlanta
01/24/2014, TRUE, 68,46.42,NewYork
01/25/2014, TRUE,  3,41.67,SanFrancisco
01/26/2014, TRUE, 84,74.22,NewYork
01/27/2014, TRUE, 45,16.93,Atlanta
01/28/2014, TRUE, 98,16.93,Atlanta
01/29/2014, TRUE, 77,52.42,Houston
01/30/2014, TRUE, 18,47.06,Seattle
01/31/2014, TRUE, 76,67.64,Miami
02/01/2014, TRUE,100,58.56,Denver
02/02/2014,NA, 99,66.86,Houston
02/03/2014,NA, 36,46.42,Miami
02/04/2014, TRUE, 63,54.51,Seattle
02/05/2014, TRUE, 55,54.87,NewYork
02/06/2014,NA, 19,19.48,Washington.DC
02/07/2014, TRUE, 65,47.06,Chicago
02/08/2014, TRUE, 16,19.48,Denver
02/09/2014, TRUE,  4,52.42,Miami
02/10/2014, TRUE, 49,74.22,Chicago
02/11/2014,FALSE, 93,52.42,Miami
02/12/2014, TRUE, 44,66.86,Houston
02/13/2014, TRUE, 25,66.86,SanFrancisco
02/14/2014,NA, 21,74.22,NewYork
02/15/2014, TRUE,  4,77.96,LosAngeles
02/16/2014, TRUE, 64,77.96,Washington.DC
02/17/2014, TRUE, 16,93.38,LosAngeles
02/18/2014, TRUE, 98,74.22,Houston
02/19/2014, TRUE, 90,47.06,Washington.DC
02/20/2014, TRUE, 44,66.86,Chicago
02/21/2014, TRUE,  3,19.48,LosAngeles
02/22/2014, TRUE, 52,54.87,Washington.DC
02/23/2014, TRUE, 52,54.87,Denver
02/24/2014,FALSE, 57,45.10,Houston
02/25/2014,FALSE, 85,74.22,Chicago
02/26/2014,FALSE, 40,41.67,LosAngeles
02/27/2014, TRUE, 28,77.04,NewYork
02/28/2014, TRUE, 99,52.90,SanFrancisco
03/01/2014, TRUE, 23,16.93,Miami
03/02/2014, TRUE, 94,66.86,NewYork
03/03/2014, TRUE, 53,52.90,Houston
03/04/2014, TRUE, 25,52.42,Denver
03/05/2014,FALSE, 57,93.38,Houston
03/06/2014,NA, 33,16.93,Denver
03/07/2014, TRUE, 12,54.51,NewYork
03/08/2014,FALSE,  2,93.38,Washington.DC
03/09/2014, TRUE, 48,66.86,Houston
03/10/2014, TRUE, 73,77.96,Miami
03/11/2014, TRUE, 96,73.97,Seattle
03/12/2014, TRUE, 52,16.52,Denver
03/13/2014,FALSE,  2,93.38,Miami
03/14/2014, TRUE, 92,19.48,Chicago
03/15/2014, TRUE, 39,73.97,Seattle
03/16/2014, TRUE, 12,93.38,Denver
03/17/2014, TRUE, 96,52.42,Houston
03/18/2014, TRUE,  7,47.06,Chicago
03/19/2014, TRUE, 97,74.22,Houston
03/20/2014, TRUE, 41,54.51,Houston
03/21/2014, TRUE, 12,47.06,Atlanta
03/22/2014, TRUE, 69,47.06,Houston
03/23/2014, TRUE, 84,77.96,SanFrancisco
03/24/2014, TRUE, 34,38.90,Houston
03/25/2014, TRUE, 15,66.86,Miami
03/26/2014, TRUE, 87,52.42,SanFrancisco
03/27/2014, TRUE, 46,77.96,LosAngeles
03/28/2014,NA, 97,58.56,Chicago
03/29/2014, TRUE, 55,52.90,Denver
03/30/2014, TRUE, 92,73.97,Miami
03/31/2014, TRUE, 21,77.04,Miami
04/01/2014, TRUE, 19,77.96,Chicago
04/02/2014, TRUE,  2,52.90,Washington.DC
04/03/2014, TRUE, 45,67.64,Atlanta
04/04/2014, TRUE, 46,16.52,Denver
04/05/2014, TRUE, 20,93.38,NewYork
04/06/2014, TRUE, 87,47.06,Miami
04/07/2014, TRUE, 86,93.38,Washington.DC
04/08/2014,NA, 54,45.10,Chicago
04/09/2014, TRUE, 77,54.51,Denver
04/10/2014, TRUE,  8,46.42,Washington.DC
04/11/2014,FALSE, 15,38.90,Miami
04/12/2014, TRUE, 66,41.67,Miami
04/13/2014, TRUE,  7,46.42,NewYork
04/14/2014, TRUE, 11,45.10,Washington.DC
04/15/2014, TRUE, 18,52.90,Miami
04/16/2014, TRUE, 70,77.04,Miami
04/17/2014, TRUE, 16,16.52,Houston
04/18/2014, TRUE, 38,52.90,Denver
04/19/2014, TRUE, 47,77.04,Seattle
04/20/2014, TRUE, 87,45.10,LosAngeles
04/21/2014, TRUE, 50,19.48,SanFrancisco
04/22/2014, TRUE, 30,77.04,Seattle
04/23/2014, TRUE, 26,74.22,Houston
04/24/2014, TRUE, 31,74.22,Miami
04/25/2014, TRUE,  4,45.10,Washington.DC
04/26/2014, TRUE, 28,77.04,Chicago
04/27/2014, TRUE, 59,93.38,Washington.DC
04/28/2014, TRUE, 84,38.90,Seattle
04/29/2014, TRUE, 84,77.96,Chicago
04/30/2014, TRUE, 77,73.97,Atlanta
05/01/2014, TRUE, 33,66.86,Denver
05/02/2014, TRUE, 16,52.42,Atlanta
05/03/2014,NA, 46,77.96,Chicago
05/04/2014, TRUE, 71,73.97,SanFrancisco
05/05/2014, TRUE, 13,45.10,SanFrancisco
05/06/2014, TRUE, 29,67.64,Houston
05/07/2014, TRUE,  9,58.56,NewYork
05/08/2014, TRUE, 12,38.90,Chicago
05/09/2014,FALSE, 30,58.56,Chicago
05/10/2014, TRUE,  7,47.06,Seattle
05/11/2014, TRUE, 79,47.06,Miami
05/12/2014, TRUE,  2,52.42,Houston
05/13/2014,FALSE, 44,77.04,Atlanta
05/14/2014, TRUE, 87,73.97,Seattle
05/15/2014, TRUE, 68,47.06,Seattle
05/16/2014, TRUE, 28,66.86,Seattle
05/17/2014, TRUE, 46,47.06,Miami
05/18/2014, TRUE, 57,41.67,SanFrancisco
05/19/2014, TRUE, 35,52.90,Washington.DC
05/20/2014, TRUE, 19,41.67,LosAngeles
05/21/2014, TRUE, 41,46.42,LosAngeles
05/22/2014, TRUE, 68,41.67,LosAngeles
05/23/2014, TRUE, 27,73.97,LosAngeles
05/24/2014, TRUE,  2,46.42,Seattle
05/25/2014, TRUE, 69,77.96,Seattle
05/26/2014, TRUE, 80,67.64,LosAngeles
05/27/2014, TRUE, 38,93.38,Miami
05/28/2014, TRUE, 13,16.93,Washington.DC
05/29/2014, TRUE,  8,45.10,Atlanta
05/30/2014, TRUE, 78,93.38,Washington.DC
05/31/2014, TRUE, 86,58.56,Washington.DC
06/01/2014, TRUE, 31,58.56,Atlanta
06/02/2014, TRUE, 97,41.67,SanFrancisco
06/03/2014,NA, 41,47.06,Washington.DC
06/04/2014, TRUE,  9,73.97,SanFrancisco
06/05/2014,FALSE, 70,73.97,Miami
06/06/2014, TRUE,  9,45.10,Miami
06/07/2014, TRUE, 99,93.38,Chicago
06/08/2014, TRUE, 53,67.64,Washington.DC
06/09/2014, TRUE, 65,58.56,Seattle
06/10/2014, TRUE, 98,77.04,LosAngeles
06/11/2014, TRUE, 28,38.90,SanFrancisco
06/12/2014,FALSE, 71,73.97,Denver
06/13/2014, TRUE, 78,41.67,SanFrancisco
06/14/2014, TRUE,100,19.48,Atlanta
06/15/2014, TRUE, 72,77.96,Washington.DC
06/16/2014, TRUE, 68,73.97,Denver
06/17/2014, TRUE, 57,52.42,Miami
06/18/2014,NA, 92,41.67,Houston
06/19/2014, TRUE, 38,41.67,Houston
06/20/2014,NA, 39,74.22,Chicago
06/21/2014, TRUE, 52,54.87,Atlanta
06/22/2014, TRUE, 93,16.93,Washington.DC
06/23/2014, TRUE,  8,54.87,Washington.DC
06/24/2014, TRUE,  7,54.51,NewYork
06/25/2014, TRUE, 64,46.42,Chicago
06/26/2014, TRUE, 79,41.67,SanFrancisco
06/27/2014, TRUE, 25,93.38,Washington.DC
06/28/2014,FALSE, 85,47.06,Washington.DC
06/29/2014, TRUE, 16,77.96,Houston
06/30/2014, TRUE, 34,58.56,Washington.DC
07/01/2014, TRUE, 62,38.90,NewYork
07/02/2014, TRUE, 63,52.42,Seattle
07/03/2014,FALSE, 27,54.87,Miami
07/04/2014, TRUE, 48,73.97,Chicago
07/05/2014, TRUE, 56,93.38,NewYork
07/06/2014, TRUE, 90,66.86,SanFrancisco
07/07/2014, TRUE, 53,45.10,Houston
07/08/2014, TRUE, 78,66.86,Denver
07/09/2014, TRUE, 15,45.10,NewYork
07/10/2014, TRUE,  9,73.97,Seattle
07/11/2014, TRUE, 17,54.51,NewYork
07/12/2014, TRUE, 51,77.96,Houston
07/13/2014,FALSE, 51,67.64,Chicago
07/14/2014, TRUE, 89,77.96,Seattle
07/15/2014, TRUE, 18,47.06,Washington.DC
07/16/2014, TRUE,  3,54.87,SanFrancisco
07/17/2014, TRUE, 97,74.22,SanFrancisco
07/18/2014, TRUE, 53,73.97,Miami
07/19/2014, TRUE, 94,77.04,Washington.DC
07/20/2014, TRUE, 80,16.52,LosAngeles
07/21/2014, TRUE,  8,73.97,Chicago
07/22/2014, TRUE, 47,58.56,Atlanta
07/23/2014, TRUE, 96,54.87,Denver
07/24/2014, TRUE, 93,66.86,LosAngeles
07/25/2014, TRUE, 11,45.10,Seattle
07/26/2014,FALSE, 58,52.42,Atlanta
07/27/2014, TRUE, 46,93.38,Houston
07/28/2014,NA, 72,77.04,Atlanta
07/29/2014,FALSE, 83,93.38,Chicago
07/30/2014,FALSE, 13,19.48,Seattle
07/31/2014,FALSE, 93,54.51,Seattle
08/01/2014, TRUE, 37,73.97,Miami
08/02/2014, TRUE, 12,54.51,Denver
08/03/2014, TRUE, 36,38.90,Denver
08/04/2014, TRUE, 72,93.38,LosAngeles
08/05/2014, TRUE,  3,19.48,Seattle
08/06/2014, TRUE, 50,54.87,Denver
08/07/2014, TRUE, 49,46.42,Seattle
08/08/2014, TRUE, 41,67.64,Atlanta
08/09/2014, TRUE, 69,45.10,Miami
08/10/2014, TRUE, 82,19.48,Washington.DC
08/11/2014, TRUE, 91,52.90,Houston
08/12/2014,NA, 13,19.48,Chicago
08/13/2014, TRUE, 83,16.52,SanFrancisco
08/14/2014, TRUE, 99,38.90,Houston
08/15/2014, TRUE, 82,58.56,Washington.DC
08/16/2014, TRUE, 74,52.42,NewYork
08/17/2014, TRUE, 68,16.93,Houston
08/18/2014, TRUE,  7,93.38,Miami
08/19/2014, TRUE, 69,45.10,Chicago
08/20/2014, TRUE, 33,16.52,SanFrancisco
08/21/2014, TRUE, 14,16.52,Chicago
08/22/2014,FALSE, 33,38.90,LosAngeles
08/23/2014, TRUE, 17,54.51,Denver
08/24/2014,FALSE, 42,74.22,Seattle
08/25/2014, TRUE, 26,58.56,Chicago
08/26/2014, TRUE,  4,47.06,Miami
08/27/2014, TRUE, 11,54.51,SanFrancisco
08/28/2014, TRUE, 65,45.10,Seattle
08/29/2014,NA, 82,77.04,Houston
08/30/2014, TRUE, 52,38.90,LosAngeles
08/31/2014,FALSE, 45,52.42,Houston
09/01/2014, TRUE, 55,52.90,Chicago
09/02/2014, TRUE, 30,19.48,Houston
09/03/2014, TRUE, 99,54.51,Houston
09/04/2014, TRUE, 99,38.90,NewYork
09/05/2014, TRUE, 29,54.51,LosAngeles
09/06/2014, TRUE, 65,52.42,Washington.DC
09/07/2014, TRUE,  5,77.04,Houston
09/08/2014, TRUE, 82,93.38,Chicago
09/09/2014, TRUE, 86,77.96,Seattle
09/10/2014, TRUE, 82,45.10,Houston
09/11/2014,FALSE, 89,41.67,Seattle
09/12/2014, TRUE, 67,19.48,Washington.DC
09/13/2014,NA, 27,16.52,Denver
09/14/2014, TRUE, 89,93.38,NewYork
09/15/2014, TRUE, 55,77.04,Denver
09/16/2014, TRUE, 83,54.87,Houston
09/17/2014, TRUE,  2,46.42,Houston
09/18/2014, TRUE, 48,58.56,Miami
09/19/2014,NA,  9,54.51,Denver
09/20/2014, TRUE, 75,46.42,SanFrancisco
09/21/2014, TRUE, 84,52.42,NewYork
09/22/2014,NA, 20,47.06,Chicago
09/23/2014, TRUE, 13,73.97,LosAngeles
09/24/2014,FALSE, 12,19.48,LosAngeles
09/25/2014, TRUE, 98,19.48,Seattle
09/26/2014, TRUE, 71,46.42,Washington.DC
09/27/2014, TRUE, 52,73.97,LosAngeles
09/28/2014, TRUE, 30,54.51,LosAngeles
09/29/2014, TRUE, 37,58.56,Seattle
09/30/2014, TRUE, 30,67.64,Miami
10/01/2014, TRUE, 68,54.51,Atlanta
10/02/2014, TRUE, 95,74.22,Miami
10/03/2014, TRUE, 16,52.90,NewYork
10/04/2014, TRUE,  7,46.42,Denver
10/05/2014, TRUE, 77,52.90,Atlanta
10/06/2014, TRUE, 63,52.42,Washington.DC
10/07/2014,NA, 21,58.56,Houston
10/08/2014, TRUE,  2,16.93,Seattle
10/09/2014,NA, 40,45.10,Seattle
10/10/2014, TRUE, 49,54.51,Seattle
10/11/2014, TRUE, 95,52.90,Denver
10/12/2014,NA, 65,41.67,Denver
10/13/2014, TRUE, 45,45.10,NewYork
10/14/2014, TRUE,  8,45.10,Washington.DC
10/15/2014,FALSE, 37,58.56,Washington.DC
10/16/2014, TRUE, 33,52.90,LosAngeles
10/17/2014, TRUE, 15,73.97,Denver
10/18/2014, TRUE, 65,77.96,NewYork
10/19/2014, TRUE,  5,16.52,SanFrancisco
10/20/2014, TRUE, 98,54.51,Houston
10/21/2014,FALSE,  8,52.90,Denver
10/22/2014,FALSE, 95,16.52,Houston
10/23/2014, TRUE, 91,52.90,Atlanta
10/24/2014, TRUE, 23,16.93,Miami
10/25/2014, TRUE, 31,74.22,Atlanta
10/26/2014, TRUE, 40,19.48,Washington.DC
10/27/2014, TRUE, 52,47.06,Miami
10/28/2014, TRUE, 77,52.90,Chicago
10/29/2014, TRUE, 55,16.93,Miami
10/30/2014,NA, 74,46.42,LosAngeles
10/31/2014, TRUE, 32,45.10,SanFrancisco
11/01/2014, TRUE, 77,77.96,Atlanta
11/02/2014, TRUE, 85,38.90,LosAngeles
11/03/2014, TRUE, 47,52.42,SanFrancisco
11/04/2014,NA, 37,41.67,Washington.DC
11/05/2014,NA, 62,74.22,SanFrancisco
11/06/2014,NA, 32,54.51,Chicago
11/07/2014, TRUE, 86,66.86,Chicago
11/08/2014, TRUE, 94,52.90,Denver
11/09/2014, TRUE, 56,41.67,Seattle
11/10/2014, TRUE, 31,45.10,Seattle
11/11/2014, TRUE, 19,73.97,NewYork
11/12/2014, TRUE,  4,66.86,LosAngeles
11/13/2014, TRUE, 74,47.06,Chicago
11/14/2014, TRUE, 17,47.06,Washington.DC
11/15/2014, TRUE, 55,54.51,Washington.DC
11/16/2014, TRUE, 91,93.38,Chicago
11/17/2014, TRUE, 43,77.96,Chicago
11/18/2014, TRUE, 77,54.87,SanFrancisco
11/19/2014, TRUE, 56,47.06,Miami
11/20/2014, TRUE, 18,46.42,SanFrancisco
11/21/2014, TRUE,  4,38.90,Chicago
11/22/2014, TRUE,  1,19.48,NewYork
11/23/2014,NA, 11,19.48,SanFrancisco
11/24/2014, TRUE, 56,73.97,Denver
11/25/2014,FALSE, 93,58.56,Atlanta
11/26/2014, TRUE, 87,58.56,Houston
11/27/2014, TRUE, 60,16.52,Houston
11/28/2014, TRUE, 15,47.06,Houston
11/29/2014, TRUE, 98,52.90,Miami
11/30/2014, TRUE, 60,54.51,Houston
12/01/2014, TRUE, 13,67.64,Miami
12/02/2014, TRUE, 91,77.04,Seattle
12/03/2014,NA, 80,67.64,Atlanta
12/04/2014, TRUE, 27,16.93,Atlanta
12/05/2014, TRUE, 27,67.64,Washington.DC
12/06/2014, TRUE, 51,45.10,LosAngeles
12/07/2014, TRUE, 72,73.97,Washington.DC
12/08/2014,NA, 26,19.48,Houston
12/09/2014, TRUE, 38,38.90,Miami
12/10/2014,NA, 47,73.97,Washington.DC
12/11/2014,FALSE, 81,54.87,Washington.DC
12/12/2014, TRUE, 44,93.38,LosAngeles
12/13/2014, TRUE, 38,38.90,Houston
12/14/2014, TRUE,  1,54.87,Houston
12/15/2014, TRUE, 95,16.52,Atlanta
12/16/2014, TRUE, 29,52.42,Denver
12/17/2014, TRUE, 42,54.51,Washington.DC
12/18/2014,FALSE, 41,52.42,Miami
12/19/2014, TRUE,  3,41.67,Washington.DC
12/20/2014, TRUE,  8,67.64,Houston
12/21/2014,NA,  2,58.56,Miami
12/22/2014, TRUE, 53,16.52,NewYork
12/23/2014,FALSE,  3,45.10,Chicago
12/24/2014, TRUE, 19,74.22,Denver
12/25/2014, TRUE, 48,73.97,Seattle
12/26/2014, TRUE,  7,67.64,NewYork
12/27/2014,FALSE, 49,47.06,Miami
12/28/2014,FALSE,  1,77.04,Chicago
12/29/2014, TRUE, 76,52.42,Miami
12/30/2014, TRUE, 40,16.93,Chicago
12/31/2014, TRUE, 83,16.52,Denver
01/01/2015, TRUE, 61,16.52,Atlanta
01/02/2015, TRUE, 90,74.22,NewYork
01/03/2015, TRUE, 57,66.86,NewYork
01/04/2015,FALSE, 35,54.87,Miami
01/05/2015, TRUE, 61,46.42,SanFrancisco
01/06/2015, TRUE, 31,52.90,Chicago
01/07/2015, TRUE, 81,38.90,Denver
01/08/2015, TRUE, 48,19.48,Washington.DC
01/09/2015, TRUE, 22,41.67,NewYork
01/10/2015, TRUE, 37,74.22,Washington.DC
01/11/2015, TRUE, 61,58.56,LosAngeles
01/12/2015, TRUE, 86,46.42,Chicago
01/13/2015, TRUE, 55,45.10,NewYork
01/14/2015, TRUE, 54,45.10,Seattle
01/15/2015, TRUE, 27,19.48,SanFrancisco
01/16/2015, TRUE, 69,77.96,Chicago
01/17/2015, TRUE,  8,93.38,Seattle
01/18/2015, TRUE, 83,54.51,Seattle
01/19/2015, TRUE, 84,41.67,Seattle
01/20/2015, TRUE, 85,41.67,Washington.DC
01/21/2015, TRUE, 47,77.96,Houston
01/22/2015, TRUE, 38,16.93,Miami
01/23/2015, TRUE, 52,58.56,Houston
01/24/2015, TRUE, 92,46.42,NewYork
01/25/2015, TRUE, 76,47.06,Miami
01/26/2015, TRUE,100,41.67,Washington.DC
01/27/2015,FALSE, 99,54.87,Washington.DC
01/28/2015,FALSE,  3,41.67,Chicago
01/29/2015, TRUE, 51,46.42,Houston
01/30/2015, TRUE, 56,52.90,Chicago
01/31/2015,FALSE, 57,54.51,Denver
02/01/2015, TRUE, 76,66.86,LosAngeles
02/02/2015,NA, 46,74.22,LosAngeles
02/03/2015, TRUE, 53,77.04,NewYork
02/04/2015, TRUE,  5,54.51,Miami
02/05/2015, TRUE, 81,41.67,Seattle
02/06/2015, TRUE, 77,54.87,Chicago
02/07/2015, TRUE, 17,45.10,Chicago
02/08/2015,NA, 67,67.64,Denver
02/09/2015, TRUE, 21,73.97,Atlanta
02/10/2015, TRUE, 91,54.51,NewYork
02/11/2015,FALSE, 56,54.87,Seattle
02/12/2015, TRUE, 41,47.06,Miami
02/13/2015, TRUE, 56,52.90,Atlanta
02/14/2015, TRUE, 97,66.86,Houston
02/15/2015, TRUE, 95,93.38,SanFrancisco
02/16/2015, TRUE, 13,54.87,Washington.DC
02/17/2015, TRUE, 20,16.52,NewYork
02/18/2015, TRUE, 18,19.48,Seattle
02/19/2015, TRUE, 86,74.22,Miami
02/20/2015, TRUE, 26,41.67,NewYork
02/21/2015,FALSE, 94,45.10,LosAngeles
02/22/2015, TRUE, 73,77.96,Denver
02/23/2015, TRUE, 50,74.22,Washington.DC
02/24/2015,FALSE, 75,16.93,NewYork
02/25/2015, TRUE, 17,58.56,Atlanta
02/26/2015, TRUE, 89,77.96,Houston
02/27/2015, TRUE, 22,67.64,LosAngeles
02/28/2015, TRUE, 12,38.90,NewYork
03/01/2015, TRUE, 37,38.90,Houston
03/02/2015, TRUE, 24,77.96,Denver
03/03/2015, TRUE, 76,47.06,Miami
03/04/2015, TRUE, 97,77.04,Miami
03/05/2015, TRUE, 54,74.22,NewYork
03/06/2015, TRUE,  4,16.52,NewYork
03/07/2015, TRUE, 14,54.87,Denver
03/08/2015, TRUE, 39,52.42,Miami
03/09/2015, TRUE, 24,52.90,Houston
03/10/2015, TRUE, 75,66.86,Seattle
03/11/2015, TRUE,  3,93.38,Denver
03/12/2015, TRUE, 10,38.90,Atlanta
03/13/2015, TRUE, 35,41.67,Chicago
03/14/2015,FALSE, 34,54.51,Miami
03/15/2015,FALSE, 37,52.90,LosAngeles
03/16/2015, TRUE, 46,77.96,Denver
03/17/2015, TRUE, 41,16.93,SanFrancisco
03/18/2015, TRUE, 19,93.38,LosAngeles
03/19/2015,NA, 48,66.86,Denver
03/20/2015, TRUE, 87,77.04,Denver
03/21/2015, TRUE, 16,41.67,Washington.DC
03/22/2015, TRUE,  6,73.97,Seattle
03/23/2015, TRUE, 44,66.86,Denver
03/24/2015, TRUE, 41,73.97,Chicago
03/25/2015, TRUE, 82,73.97,Denver
03/26/2015, TRUE, 58,52.90,Seattle
03/27/2015, TRUE,  2,93.38,Washington.DC
03/28/2015, TRUE, 16,58.56,NewYork
03/29/2015, TRUE, 70,77.04,Seattle
03/30/2015, TRUE, 50,77.96,Chicago
03/31/2015, TRUE, 77,19.48,Washington.DC
04/01/2015, TRUE, 41,38.90,Miami
04/02/2015, TRUE, 72,52.42,SanFrancisco
04/03/2015, TRUE, 21,74.22,Miami
04/04/2015, TRUE,  4,66.86,SanFrancisco
04/05/2015, TRUE, 94,45.10,SanFrancisco
04/06/2015, TRUE, 92,54.87,Chicago
04/07/2015, TRUE, 17,93.38,Miami
04/08/2015, TRUE, 34,47.06,Miami
04/09/2015, TRUE, 43,41.67,Chicago
04/10/2015, TRUE, 13,67.64,LosAngeles
04/11/2015, TRUE, 27,52.90,Houston
04/12/2015, TRUE, 94,66.86,Washington.DC
04/13/2015, TRUE, 62,16.52,Denver
04/14/2015, TRUE, 26,46.42,Denver
04/15/2015,FALSE, 71,77.96,Seattle
04/16/2015, TRUE, 94,74.22,LosAngeles
04/17/2015, TRUE, 42,19.48,NewYork
04/18/2015, TRUE, 81,52.90,Chicago
04/19/2015, TRUE, 48,74.22,LosAngeles
04/20/2015, TRUE,100,45.10,Houston
04/21/2015, TRUE,  1,45.10,Chicago
04/22/2015, TRUE,  3,41.67,Seattle
04/23/2015, TRUE, 14,77.04,SanFrancisco
04/24/2015, TRUE, 96,41.67,Denver
04/25/2015, TRUE, 51,45.10,Chicago
04/26/2015, TRUE, 62,47.06,Houston
04/27/2015, TRUE, 30,74.22,Seattle
04/28/2015, TRUE,100,73.97,Houston
04/29/2015, TRUE, 16,45.10,Houston
04/30/2015, TRUE, 18,74.22,Atlanta
05/01/2015, TRUE, 67,93.38,Houston
05/02/2015, TRUE, 91,77.04,LosAngeles
05/03/2015, TRUE,  7,41.67,Chicago
05/04/2015, TRUE, 16,77.04,LosAngeles
05/05/2015,NA,  7,47.06,NewYork
05/06/2015, TRUE, 11,67.64,Denver
05/07/2015, TRUE, 51,52.90,Chicago
05/08/2015, TRUE, 91,41.67,SanFrancisco
05/09/2015, TRUE, 95,77.96,Miami
05/10/2015, TRUE, 45,47.06,Seattle
05/11/2015, TRUE, 77,16.52,LosAngeles
05/12/2015, TRUE, 55,16.52,Miami
05/13/2015, TRUE, 79,47.06,Denver
05/14/2015, TRUE, 39,67.64,Miami
05/15/2015, TRUE, 38,73.97,Houston
05/16/2015, TRUE, 15,54.51,Seattle
05/17/2015,FALSE, 44,52.42,Washington.DC
05/18/2015, TRUE, 93,16.93,Miami
05/19/2015, TRUE, 45,77.04,Denver
05/20/2015, TRUE, 63,58.56,LosAngeles
05/21/2015, TRUE, 11,54.51,LosAngeles
05/22/2015, TRUE, 70,58.56,SanFrancisco
05/23/2015, TRUE, 66,74.22,Miami
05/24/2015, TRUE, 37,66.86,Denver
05/25/2015, TRUE, 85,67.64,SanFrancisco
05/26/2015, TRUE,  6,52.42,Atlanta
05/27/2015, TRUE,  2,16.52,LosAngeles
05/28/2015, TRUE, 59,16.93,SanFrancisco
05/29/2015, TRUE,100,45.10,Miami
05/30/2015, TRUE, 59,54.87,Miami
05/31/2015,NA, 40,52.42,NewYork
06/01/2015,FALSE, 33,93.38,Denver
06/02/2015, TRUE,  2,45.10,NewYork
06/03/2015, TRUE, 66,52.90,Denver
06/04/2015, TRUE, 78,77.96,Washington.DC
06/05/2015, TRUE, 67,52.90,Chicago
06/06/2015, TRUE, 72,52.42,LosAngeles
06/07/2015, TRUE, 58,45.10,Atlanta
06/08/2015, TRUE, 18,93.38,NewYork
06/09/2015,FALSE,  3,16.52,NewYork
06/10/2015, TRUE, 28,77.96,Washington.DC
06/11/2015, TRUE, 72,16.93,Washington.DC
06/12/2015, TRUE, 55,54.87,Chicago
06/13/2015, TRUE, 43,67.64,Miami
06/14/2015, TRUE, 66,19.48,LosAngeles
06/15/2015, TRUE, 93,66.86,SanFrancisco
06/16/2015, TRUE, 82,77.04,SanFrancisco
06/17/2015, TRUE, 72,58.56,SanFrancisco
06/18/2015, TRUE, 59,52.42,SanFrancisco
06/19/2015, TRUE, 12,54.51,Houston
06/20/2015, TRUE, 27,19.48,Seattle
06/21/2015, TRUE, 60,54.87,SanFrancisco
06/22/2015, TRUE, 91,45.10,Washington.DC
06/23/2015,FALSE, 70,16.52,LosAngeles
06/24/2015, TRUE, 85,41.67,Miami
06/25/2015, TRUE,  3,19.48,Miami
06/26/2015, TRUE, 69,19.48,Washington.DC
06/27/2015, TRUE, 23,38.90,Washington.DC
06/28/2015, TRUE, 78,46.42,Washington.DC
06/29/2015, TRUE, 71,54.87,Houston
06/30/2015, TRUE, 46,47.06,NewYork
07/01/2015, TRUE, 12,52.90,SanFrancisco
07/02/2015, TRUE, 96,46.42,Miami
07/03/2015, TRUE, 59,73.97,Atlanta
07/04/2015,FALSE, 98,46.42,LosAngeles
07/05/2015, TRUE, 85,16.93,Miami
07/06/2015, TRUE, 39,77.96,SanFrancisco
07/07/2015,FALSE, 36,52.42,Chicago
07/08/2015, TRUE, 85,52.42,Denver
07/09/2015, TRUE, 89,45.10,NewYork
07/10/2015, TRUE, 26,38.90,Atlanta
07/11/2015, TRUE, 45,52.42,SanFrancisco
07/12/2015, TRUE, 26,93.38,SanFrancisco
07/13/2015,NA, 65,58.56,Washington.DC
07/14/2015,NA, 32,16.93,Houston
07/15/2015, TRUE, 99,41.67,Miami
07/16/2015,FALSE, 33,16.93,Chicago
07/17/2015, TRUE, 16,38.90,Denver
07/18/2015, TRUE, 93,66.86,Atlanta
07/19/2015, TRUE, 89,77.96,Miami
07/20/2015, TRUE, 79,58.56,Washington.DC
07/21/2015, TRUE, 56,52.42,Chicago
07/22/2015, TRUE, 43,58.56,Chicago
07/23/2015, TRUE, 91,45.10,Washington.DC
07/24/2015, TRUE, 17,45.10,Atlanta
07/25/2015, TRUE, 76,52.90,SanFrancisco
07/26/2015, TRUE, 91,16.52,Denver
07/27/2015, TRUE, 52,52.90,Denver
07/28/2015, TRUE, 81,54.87,Atlanta
07/29/2015,NA, 87,19.48,LosAngeles
07/30/2015, TRUE, 27,52.42,SanFrancisco
07/31/2015, TRUE, 60,46.42,Chicago
08/01/2015, TRUE, 66,54.87,Seattle
08/02/2015, TRUE, 72,45.10,Denver
08/03/2015, TRUE, 32,54.51,SanFrancisco
08/04/2015, TRUE, 47,93.38,NewYork
08/05/2015, TRUE, 60,19.48,Houston
08/06/2015, TRUE, 33,74.22,Washington.DC
08/07/2015,NA, 65,46.42,Houston
08/08/2015, TRUE, 77,58.56,Seattle
08/09/2015, TRUE, 81,19.48,Denver
08/10/2015, TRUE, 74,16.93,Atlanta
08/11/2015,FALSE, 12,74.22,Seattle
08/12/2015, TRUE, 78,77.96,Washington.DC
08/13/2015, TRUE, 42,16.93,Denver
08/14/2015, TRUE,  9,67.64,NewYork
08/15/2015, TRUE, 12,38.90,Chicago
08/16/2015, TRUE, 90,16.52,Houston
08/17/2015, TRUE, 90,52.42,Miami
08/18/2015, TRUE, 24,58.56,Miami
08/19/2015,NA, 55,46.42,Seattle
08/20/2015, TRUE, 46,54.51,NewYork
08/21/2015, TRUE, 84,93.38,Chicago
08/22/2015,FALSE, 92,19.48,LosAngeles
08/23/2015, TRUE, 80,66.86,Washington.DC
08/24/2015,FALSE, 45,16.93,Washington.DC
08/25/2015,NA,  4,16.52,LosAngeles
08/26/2015, TRUE, 22,52.42,NewYork
08/27/2015,NA,  2,54.87,NewYork
08/28/2015, TRUE, 30,54.87,NewYork
08/29/2015, TRUE,  3,58.56,Seattle
08/30/2015, TRUE, 28,41.67,LosAngeles
08/31/2015, TRUE,  5,52.42,SanFrancisco
09/01/2015, TRUE, 97,16.52,Denver
09/02/2015,NA, 42,52.90,Washington.DC
09/03/2015, TRUE, 48,67.64,Miami
09/04/2015, TRUE,  4,77.96,Miami
09/05/2015, TRUE, 62,67.64,Seattle
09/06/2015, TRUE, 59,58.56,NewYork
09/07/2015, TRUE, 98,19.48,Miami
09/08/2015, TRUE, 76,93.38,Washington.DC
09/09/2015, TRUE, 18,77.96,LosAngeles
09/10/2015, TRUE, 87,93.38,Seattle
09/11/2015, TRUE, 32,54.87,Washington.DC
09/12/2015, TRUE, 18,77.96,Atlanta
09/13/2015, TRUE, 71,54.87,Washington.DC
09/14/2015, TRUE, 76,66.86,Houston
09/15/2015, TRUE, 57,38.90,NewYork
09/16/2015, TRUE, 32,16.52,NewYork
09/17/2015, TRUE, 60,54.87,Seattle
09/18/2015, TRUE, 42,52.42,NewYork
09/19/2015,FALSE, 14,16.93,Atlanta
09/20/2015, TRUE, 33,19.48,Chicago
09/21/2015, TRUE,  6,54.51,Miami
09/22/2015, TRUE, 10,16.93,Denver
09/23/2015, TRUE, 35,67.64,SanFrancisco
09/24/2015, TRUE, 62,54.51,Denver
09/25/2015,FALSE,  5,47.06,Washington.DC
09/26/2015, TRUE, 73,93.38,LosAngeles
09/27/2015, TRUE, 61,19.48,Washington.DC
09/28/2015, TRUE, 51,54.51,Seattle
09/29/2015, TRUE, 52,54.87,Houston
09/30/2015, TRUE, 87,41.67,Washington.DC
10/01/2015, TRUE, 66,16.52,NewYork
10/02/2015, TRUE, 45,54.87,Seattle
10/03/2015, TRUE, 35,54.51,Chicago
10/04/2015, TRUE, 28,45.10,NewYork
10/05/2015, TRUE, 12,46.42,Atlanta
10/06/2015, TRUE, 68,66.86,Atlanta
10/07/2015, TRUE, 82,38.90,Miami
10/08/2015, TRUE, 99,93.38,Houston
10/09/2015, TRUE,  7,41.67,Washington.DC
10/10/2015, TRUE, 19,46.42,Washington.DC
10/11/2015, TRUE, 42,41.67,Chicago
10/12/2015,FALSE, 80,66.86,LosAngeles
10/13/2015, TRUE, 51,19.48,Houston
10/14/2015, TRUE, 52,66.86,Denver
10/15/2015, TRUE, 53,66.86,Chicago
10/16/2015, TRUE, 76,45.10,Chicago
10/17/2015, TRUE, 99,74.22,Atlanta
10/18/2015, TRUE, 48,74.22,Atlanta
10/19/2015, TRUE, 84,73.97,Seattle
10/20/2015,NA,100,74.22,Washington.DC
10/21/2015, TRUE, 74,66.86,Seattle
10/22/2015, TRUE, 59,93.38,Chicago
10/23/2015, TRUE, 47,47.06,Atlanta
10/24/2015, TRUE, 40,66.86,Washington.DC
10/25/2015, TRUE,  2,74.22,Houston
10/26/2015,FALSE, 28,16.93,Houston
10/27/2015, TRUE, 44,67.64,Seattle
10/28/2015, TRUE, 71,19.48,Miami
10/29/2015, TRUE, 67,47.06,Atlanta
10/30/2015, TRUE, 58,67.64,Seattle
10/31/2015, TRUE, 95,67.64,Chicago
11/01/2015, TRUE, 48,66.86,Washington.DC
11/02/2015, TRUE, 25,52.90,LosAngeles
11/03/2015, TRUE, 49,93.38,Miami
11/04/2015,FALSE, 60,93.38,Miami
11/05/2015, TRUE, 64,54.51,NewYork
11/06/2015, TRUE, 33,77.04,LosAngeles
11/07/2015, TRUE, 55,41.67,Miami
11/08/2015, TRUE,100,93.38,Washington.DC
11/09/2015,NA,  1,54.87,Atlanta
11/10/2015, TRUE, 57,52.90,Atlanta
11/11/2015, TRUE, 47,67.64,SanFrancisco
11/12/2015, TRUE, 79,47.06,Denver
11/13/2015, TRUE, 99,38.90,Miami
11/14/2015, TRUE, 30,74.22,Houston
11/15/2015, TRUE, 97,77.04,Miami
11/16/2015, TRUE, 31,41.67,Denver
11/17/2015, TRUE, 34,74.22,NewYork
11/18/2015, TRUE, 47,77.96,Houston
11/19/2015, TRUE, 46,45.10,Atlanta
11/20/2015, TRUE, 27,73.97,Seattle
11/21/2015, TRUE, 99,58.56,LosAngeles
11/22/2015, TRUE, 27,74.22,Houston
11/23/2015, TRUE, 73,54.51,LosAngeles
11/24/2015, TRUE, 84,67.64,Houston
11/25/2015, TRUE, 65,74.22,Houston
11/26/2015, TRUE, 78,52.42,NewYork
11/27/2015, TRUE, 67,73.97,NewYork
11/28/2015, TRUE, 87,93.38,NewYork
11/29/2015,NA,  7,47.06,NewYork
11/30/2015,FALSE,  3,67.64,SanFrancisco
12/01/2015, TRUE, 84,41.67,Washington.DC
12/02/2015, TRUE, 16,93.38,Denver
12/03/2015, TRUE, 48,38.90,Denver
12/04/2015,FALSE, 21,74.22,Washington.DC
12/05/2015, TRUE, 62,16.52,Washington.DC
12/06/2015, TRUE, 11,73.97,Miami
12/07/2015, TRUE, 19,46.42,Houston
12/08/2015, TRUE, 12,41.67,NewYork
12/09/2015, TRUE, 28,41.67,LosAngeles
12/10/2015, TRUE, 11,45.10,Denver
12/11/2015, TRUE, 55,74.22,Denver
12/12/2015, TRUE, 29,52.90,Houston
12/13/2015,FALSE, 87,52.90,LosAngeles
12/14/2015,NA, 79,41.67,Atlanta
12/15/2015,NA, 80,16.93,LosAngeles
12/16/2015, TRUE, 50,45.10,Houston
12/17/2015, TRUE, 74,41.67,Denver
12/18/2015, TRUE, 65,19.48,NewYork
12/19/2015,FALSE, 43,54.51,Chicago
12/20/2015, TRUE, 98,66.86,NewYork
12/21/2015, TRUE, 57,52.42,Seattle
12/22/2015, TRUE, 56,74.22,NewYork
12/23/2015, TRUE, 15,47.06,NewYork
12/24/2015, TRUE, 90,16.52,LosAngeles
12/25/2015, TRUE,  8,66.86,Denver
12/26/2015, TRUE, 64,67.64,LosAngeles
12/27/2015, TRUE, 95,52.90,Denver
12/28/2015, TRUE, 81,41.67,Denver
12/29/2015, TRUE, 22,77.04,LosAngeles
12/30/2015, TRUE, 66,54.87,Chicago
12/31/2015, TRUE, 79,19.48,SanFrancisco
01/01/2016,FALSE, 68,41.67,NewYork
01/02/2016, TRUE, 22,19.48,Chicago
01/03/2016, TRUE, 39,77.04,Denver
01/04/2016, TRUE, 15,93.38,Seattle
01/05/2016,NA, 87,66.86,Houston
01/06/2016, TRUE,  9,19.48,Miami
01/07/2016, TRUE, 85,45.10,Miami
01/08/2016, TRUE, 36,74.22,Miami
01/09/2016, TRUE, 93,16.93,SanFrancisco
01/10/2016,FALSE, 44,16.93,Denver
01/11/2016,FALSE, 29,16.93,Denver
01/12/2016, TRUE, 35,93.38,Denver
01/13/2016,NA, 83,46.42,Houston
01/14/2016, TRUE, 66,19.48,Seattle
01/15/2016,FALSE, 59,19.48,Seattle
01/16/2016, TRUE, 53,41.67,Miami
01/17/2016, TRUE, 44,77.96,Washington.DC
01/18/2016, TRUE, 44,52.42,NewYork
01/19/2016, TRUE, 54,45.10,Atlanta
01/20/2016,NA, 18,74.22,Seattle
01/21/2016, TRUE, 97,41.67,SanFrancisco
01/22/2016, TRUE,  4,74.22,NewYork
01/23/2016, TRUE, 86,74.22,Houston
01/24/2016, TRUE, 41,77.96,LosAngeles
01/25/2016, TRUE, 77,46.42,LosAngeles
01/26/2016, TRUE, 34,66.86,LosAngeles
01/27/2016, TRUE, 60,41.67,Atlanta
01/28/2016, TRUE, 67,19.48,Chicago
01/29/2016, TRUE,  6,67.64,Seattle
01/30/2016, TRUE,100,54.51,LosAngeles
01/31/2016,FALSE, 65,47.06,SanFrancisco
02/01/2016, TRUE, 13,54.87,Houston
02/02/2016,NA, 14,74.22,Chicago
02/03/2016, TRUE, 79,46.42,Chicago
02/04/2016, TRUE, 13,41.67,Chicago
02/05/2016, TRUE, 39,19.48,Seattle
02/06/2016, TRUE, 31,38.90,Houston
02/07/2016,NA, 52,54.51,SanFrancisco
02/08/2016, TRUE, 20,74.22,Atlanta
02/09/2016, TRUE, 50,74.22,Houston
02/10/2016, TRUE, 62,77.04,Miami
02/11/2016, TRUE, 53,19.48,Atlanta
02/12/2016,NA, 32,47.06,SanFrancisco
02/13/2016, TRUE, 84,67.64,Seattle
02/14/2016, TRUE, 24,66.86,LosAngeles
02/15/2016, TRUE, 10,46.42,Miami
02/16/2016,FALSE, 56,67.64,SanFrancisco
02/17/2016, TRUE, 92,54.51,LosAngeles
02/18/2016, TRUE,100,93.38,Miami
02/19/2016, TRUE, 84,16.52,Miami
02/20/2016, TRUE, 86,54.87,Chicago
02/21/2016, TRUE,  1,19.48,Washington.DC
02/22/2016, TRUE, 78,46.42,Washington.DC
02/23/2016, TRUE, 46,46.42,Chicago
02/24/2016, TRUE, 15,66.86,LosAngeles
02/25/2016, TRUE, 69,46.42,Chicago
02/26/2016, TRUE, 95,54.51,LosAngeles
02/27/2016,FALSE, 58,54.87,Denver
02/28/2016, TRUE, 30,74.22,LosAngeles
02/29/2016, TRUE, 68,47.06,SanFrancisco
03/01/2016, TRUE, 14,54.51,Atlanta
03/02/2016, TRUE, 14,74.22,NewYork
03/03/2016, TRUE, 91,54.87,LosAngeles
03/04/2016, TRUE, 45,54.87,Chicago
03/05/2016, TRUE, 12,67.64,LosAngeles
03/06/2016, TRUE, 88,19.48,Miami
03/07/2016, TRUE, 65,52.90,Denver
03/08/2016, TRUE, 59,54.51,Miami
03/09/2016, TRUE, 21,66.86,Denver
03/10/2016, TRUE, 78,54.87,Seattle
03/11/2016, TRUE, 13,19.48,SanFrancisco
03/12/2016, TRUE, 22,58.56,Seattle
03/13/2016, TRUE, 45,58.56,LosAngeles
03/14/2016, TRUE, 66,52.42,Miami
03/15/2016,FALSE, 91,58.56,Chicago
03/16/2016, TRUE, 84,66.86,LosAngeles
03/17/2016, TRUE, 41,77.04,Chicago
03/18/2016, TRUE, 59,16.52,Washington.DC
03/19/2016,NA, 22,67.64,Washington.DC
03/20/2016, TRUE,  2,45.10,Washington.DC
03/21/2016, TRUE, 54,45.10,LosAngeles
03/22/2016, TRUE, 69,47.06,Miami
03/23/2016, TRUE,  6,67.64,Atlanta
03/24/2016, TRUE, 90,77.04,Denver
03/25/2016,FALSE, 79,74.22,SanFrancisco
03/26/2016, TRUE, 92,38.90,LosAngeles
03/27/2016, TRUE, 53,54.87,Atlanta
03/28/2016, TRUE, 70,38.90,Miami
03/29/2016,FALSE, 28,58.56,Washington.DC
03/30/2016, TRUE, 17,93.38,Atlanta
03/31/2016, TRUE, 48,67.64,Washington.DC
04/01/2016,FALSE, 74,38.90,NewYork
04/02/2016, TRUE, 30,77.04,NewYork
04/03/2016, TRUE, 99,73.97,NewYork
04/04/2016, TRUE,  5,73.97,Seattle
04/05/2016, TRUE, 86,41.67,Chicago
04/06/2016, TRUE, 38,16.52,Washington.DC
04/07/2016, TRUE, 17,74.22,Seattle
04/08/2016,FALSE, 36,58.56,Chicago
04/09/2016, TRUE, 32,41.67,Houston
04/10/2016, TRUE, 46,67.64,Washington.DC
04/11/2016, TRUE, 58,54.51,Denver
04/12/2016, TRUE, 81,54.51,Atlanta
04/13/2016, TRUE, 42,77.04,SanFrancisco
04/14/2016, TRUE, 93,74.22,NewYork
04/15/2016, TRUE, 58,16.52,SanFrancisco
04/16/2016, TRUE,  9,73.97,NewYork
04/17/2016, TRUE, 72,47.06,Denver
04/18/2016, TRUE, 48,41.67,Chicago
04/19/2016, TRUE, 58,52.42,Washington.DC
04/20/2016, TRUE, 73,45.10,Chicago
04/21/2016, TRUE, 62,46.42,Houston
04/22/2016,FALSE, 65,47.06,Atlanta
04/23/2016, TRUE, 34,47.06,Houston
04/24/2016, TRUE,  8,16.52,Washington.DC
04/25/2016, TRUE, 12,54.87,Washington.DC
04/26/2016,FALSE,  9,93.38,Seattle
04/27/2016,FALSE, 36,52.90,Chicago
04/28/2016, TRUE,  6,52.90,LosAngeles
04/29/2016, TRUE, 20,93.38,Seattle
04/30/2016, TRUE, 53,66.86,NewYork
05/01/2016, TRUE, 48,67.64,SanFrancisco
05/02/2016, TRUE,100,77.96,LosAngeles
05/03/2016, TRUE, 97,77.96,Seattle
05/04/2016, TRUE, 12,67.64,Chicago
05/05/2016, TRUE, 89,45.10,Chicago
05/06/2016,NA, 14,67.64,Atlanta
05/07/2016, TRUE, 81,38.90,Washington.DC
05/08/2016, TRUE, 26,47.06,Seattle
05/09/2016, TRUE, 54,47.06,Seattle
05/10/2016,FALSE, 11,52.90,SanFrancisco
05/11/2016,FALSE, 58,45.10,Houston
05/12/2016, TRUE, 47,52.42,Washington.DC
05/13/2016, TRUE, 30,52.90,NewYork
05/14/2016,NA, 40,52.42,Washington.DC
05/15/2016,FALSE, 44,38.90,SanFrancisco
05/16/2016, TRUE, 29,46.42,Chicago
05/17/2016, TRUE, 76,46.42,Houston
05/18/2016, TRUE, 56,74.22,Chicago
05/19/2016, TRUE, 81,16.52,Washington.DC
05/20/2016, TRUE, 66,41.67,SanFrancisco
05/21/2016, TRUE,  2,19.48,Denver
05/22/2016, TRUE, 22,52.90,Seattle
05/23/2016, TRUE, 64,54.87,Washington.DC
05/24/2016, TRUE, 46,74.22,Miami
05/25/2016, TRUE, 54,77.04,LosAngeles
05/26/2016, TRUE,  5,66.86,Atlanta
05/27/2016, TRUE, 40,52.42,SanFrancisco
05/28/2016, TRUE, 17,54.51,Denver
05/29/2016, TRUE, 22,52.42,Denver
05/30/2016, TRUE, 50,52.42,SanFrancisco
05/31/2016, TRUE, 12,52.42,NewYork
06/01/2016, TRUE, 88,45.10,Seattle
06/02/2016, TRUE,  2,47.06,Chicago
06/03/2016, TRUE, 38,67.64,Miami
06/04/2016, TRUE, 78,47.06,NewYork
06/05/2016, TRUE, 21,73.97,Miami
06/06/2016,FALSE, 77,74.22,Washington.DC
06/07/2016, TRUE, 84,67.64,Washington.DC
06/08/2016, TRUE, 26,52.42,Atlanta
06/09/2016,FALSE, 67,54.51,Chicago
06/10/2016, TRUE, 96,93.38,LosAngeles
06/11/2016,FALSE, 12,73.97,Chicago
06/12/2016, TRUE, 37,54.51,Atlanta
06/13/2016, TRUE, 26,66.86,LosAngeles
06/14/2016, TRUE, 22,52.42,LosAngeles
06/15/2016, TRUE, 11,38.90,Washington.DC
06/16/2016,NA,  9,54.87,NewYork
06/17/2016, TRUE,100,47.06,SanFrancisco
06/18/2016,FALSE, 68,54.87,Chicago
06/19/2016, TRUE, 28,73.97,Houston
06/20/2016, TRUE, 90,16.52,Seattle
06/21/2016, TRUE, 76,41.67,Atlanta
06/22/2016, TRUE, 18,52.90,Chicago
06/23/2016, TRUE, 86,16.93,NewYork
06/24/2016, TRUE, 65,46.42,SanFrancisco
06/25/2016, TRUE, 96,77.96,NewYork
06/26/2016, TRUE, 78,66.86,Denver
06/27/2016, TRUE, 27,52.42,SanFrancisco
06/28/2016, TRUE, 99,19.48,Miami
06/29/2016, TRUE, 98,45.10,SanFrancisco
06/30/2016,FALSE, 56,47.06,Denver
07/01/2016, TRUE, 45,54.87,LosAngeles
07/02/2016,FALSE, 57,16.93,Atlanta
07/03/2016, TRUE, 32,47.06,SanFrancisco
07/04/2016, TRUE,  2,74.22,NewYork
07/05/2016,NA, 60,52.90,Atlanta
07/06/2016, TRUE, 85,67.64,Seattle
07/07/2016,FALSE, 56,16.52,Seattle
07/08/2016, TRUE, 85,16.52,SanFrancisco
07/09/2016,FALSE, 64,16.52,Chicago
07/10/2016, TRUE, 16,19.48,Houston
07/11/2016, TRUE, 69,19.48,Washington.DC
07/12/2016, TRUE, 60,38.90,Chicago
07/13/2016, TRUE, 53,67.64,Miami
07/14/2016, TRUE, 96,54.51,LosAngeles
07/15/2016, TRUE,  4,66.86,SanFrancisco
07/16/2016, TRUE,  7,66.86,NewYork
07/17/2016, TRUE,  6,93.38,Washington.DC
07/18/2016, TRUE, 57,38.90,Chicago
07/19/2016, TRUE, 50,93.38,NewYork
07/20/2016, TRUE, 78,41.67,Miami
07/21/2016, TRUE, 10,58.56,NewYork
07/22/2016, TRUE, 34,46.42,NewYork
07/23/2016, TRUE, 25,47.06,Atlanta
07/24/2016, TRUE, 18,46.42,Seattle
07/25/2016,FALSE, 28,46.42,LosAngeles
07/26/2016, TRUE, 52,58.56,NewYork
07/27/2016, TRUE, 98,19.48,Seattle
07/28/2016,NA, 97,66.86,Washington.DC
07/29/2016, TRUE, 69,46.42,Seattle
07/30/2016, TRUE, 42,77.96,Seattle
07/31/2016, TRUE, 61,16.52,Chicago
08/01/2016, TRUE, 46,54.87,LosAngeles
08/02/2016, TRUE, 43,52.90,Houston
08/03/2016, TRUE,  3,38.90,LosAngeles
08/04/2016, TRUE, 66,74.22,Houston
08/05/2016,NA,100,52.42,Seattle
08/06/2016, TRUE, 82,47.06,Chicago
08/07/2016, TRUE,  7,52.42,Miami
08/08/2016, TRUE, 80,54.51,Atlanta
08/09/2016, TRUE, 62,45.10,Houston
08/10/2016, TRUE,  1,19.48,Seattle
08/11/2016, TRUE, 71,16.52,Atlanta
08/12/2016, TRUE, 93,73.97,Seattle
08/13/2016, TRUE, 25,77.04,Houston
08/14/2016, TRUE, 20,45.10,Miami
08/15/2016, TRUE, 90,16.52,Chicago
08/16/2016,FALSE, 18,58.56,Atlanta
08/17/2016,FALSE, 64,66.86,Denver
08/18/2016, TRUE, 97,73.97,Denver
08/19/2016, TRUE, 21,46.42,Seattle
08/20/2016,FALSE,  1,77.04,Chicago
08/21/2016,FALSE, 44,54.51,Miami
08/22/2016, TRUE,  5,54.51,NewYork
08/23/2016, TRUE, 55,52.42,Chicago
08/24/2016, TRUE, 66,41.67,Miami
08/25/2016,FALSE, 75,47.06,Atlanta
08/26/2016, TRUE, 92,16.52,LosAngeles
08/27/2016, TRUE, 45,77.04,Chicago
08/28/2016, TRUE, 47,54.51,Atlanta
08/29/2016, TRUE, 29,16.52,SanFrancisco
08/30/2016, TRUE, 87,73.97,SanFrancisco
08/31/2016, TRUE,  9,41.67,NewYork
09/01/2016, TRUE, 36,77.96,Chicago
09/02/2016, TRUE, 82,54.87,Atlanta
09/03/2016, TRUE, 93,66.86,LosAngeles
09/04/2016, TRUE,  4,73.97,Seattle
09/05/2016, TRUE, 18,41.67,LosAngeles
09/06/2016, TRUE, 29,16.93,LosAngeles
09/07/2016, TRUE, 67,67.64,Chicago
09/08/2016, TRUE, 85,77.96,Chicago
09/09/2016, TRUE, 87,16.93,Seattle
09/10/2016, TRUE, 61,54.87,Atlanta
09/11/2016, TRUE, 76,74.22,Washington.DC
09/12/2016, TRUE, 96,54.87,Atlanta
09/13/2016, TRUE, 66,16.52,Washington.DC
09/14/2016, TRUE,100,45.10,Chicago
09/15/2016, TRUE, 84,67.64,Atlanta
09/16/2016, TRUE, 71,67.64,Seattle
09/17/2016, TRUE, 14,41.67,Miami
09/18/2016, TRUE,  7,93.38,Miami
09/19/2016, TRUE,  5,52.42,Miami
09/20/2016, TRUE, 88,41.67,Seattle
09/21/2016, TRUE, 74,73.97,Chicago
09/22/2016,FALSE, 56,77.96,Denver
09/23/2016, TRUE, 98,46.42,Seattle
09/24/2016, TRUE, 30,16.93,Denver
09/25/2016, TRUE, 95,19.48,NewYork
09/26/2016, TRUE, 35,77.96,Chicago
09/27/2016,FALSE, 25,58.56,Miami
09/28/2016,FALSE, 33,52.90,SanFrancisco
09/29/2016, TRUE, 83,46.42,Denver
09/30/2016, TRUE, 30,66.86,Seattle
10/01/2016, TRUE, 54,16.52,Seattle
10/02/2016, TRUE, 23,41.67,NewYork
10/03/2016, TRUE, 30,73.97,Miami
10/04/2016, TRUE, 82,67.64,Miami
10/05/2016, TRUE, 64,77.96,Denver
10/06/2016, TRUE, 52,67.64,Houston
10/07/2016, TRUE, 80,16.93,Miami
10/08/2016, TRUE, 65,77.04,Miami
10/09/2016, TRUE, 25,47.06,Miami
10/10/2016, TRUE, 21,93.38,Chicago
10/11/2016,FALSE,100,16.52,SanFrancisco
10/12/2016,FALSE, 43,45.10,NewYork
10/13/2016,FALSE, 82,46.42,Washington.DC
10/14/2016, TRUE, 18,52.90,Atlanta
10/15/2016, TRUE, 46,74.22,SanFrancisco
10/16/2016, TRUE, 19,46.42,Miami
10/17/2016, TRUE, 40,52.42,Washington.DC
10/18/2016, TRUE, 67,52.42,Chicago
10/19/2016, TRUE, 97,58.56,Miami
10/20/2016, TRUE, 36,52.42,Denver
10/21/2016, TRUE, 65,52.90,NewYork
10/22/2016, TRUE, 30,73.97,SanFrancisco
10/23/2016, TRUE, 73,47.06,Chicago
10/24/2016, TRUE, 18,46.42,Washington.DC
10/25/2016, TRUE, 80,74.22,Atlanta
10/26/2016, TRUE,  9,93.38,Washington.DC
10/27/2016, TRUE, 20,46.42,Denver
10/28/2016, TRUE, 12,19.48,Denver
10/29/2016, TRUE,  4,77.96,SanFrancisco
10/30/2016, TRUE, 60,16.93,Atlanta
10/31/2016, TRUE, 51,16.93,Miami
11/01/2016,NA, 41,77.96,Seattle
11/02/2016, TRUE, 12,77.96,Denver
11/03/2016, TRUE, 69,67.64,NewYork
11/04/2016,FALSE, 93,73.97,NewYork
11/05/2016, TRUE, 53,77.96,Chicago
11/06/2016,NA, 99,52.42,Washington.DC
11/07/2016,NA, 14,77.96,Chicago
11/08/2016,FALSE, 36,41.67,Washington.DC
11/09/2016, TRUE, 83,45.10,Atlanta
11/10/2016, TRUE, 84,74.22,Miami
11/11/2016, TRUE, 96,58.56,Houston
11/12/2016, TRUE, 47,77.96,LosAngeles
11/13/2016, TRUE, 40,38.90,Seattle
11/14/2016, TRUE, 78,52.90,Houston
11/15/2016, TRUE, 96,77.96,SanFrancisco
11/16/2016, TRUE, 98,77.96,SanFrancisco
11/17/2016,FALSE, 79,54.51,LosAngeles
11/18/2016, TRUE, 41,73.97,Miami
11/19/2016, TRUE, 59,54.87,Denver
11/20/2016, TRUE, 34,67.64,Washington.DC
11/21/2016, TRUE, 58,77.96,Miami
11/22/2016,FALSE,  6,46.42,Atlanta
11/23/2016, TRUE,  6,93.38,Atlanta
11/24/2016, TRUE, 22,52.90,Denver
11/25/2016, TRUE, 44,73.97,SanFrancisco
11/26/2016, TRUE, 30,19.48,SanFrancisco
11/27/2016, TRUE, 24,46.42,SanFrancisco
11/28/2016, TRUE, 88,54.51,NewYork
11/29/2016, TRUE, 72,47.06,NewYork
11/30/2016, TRUE, 97,16.52,LosAngeles
12/01/2016, TRUE,  9,16.93,Chicago
12/02/2016, TRUE, 26,16.93,Chicago
12/03/2016, TRUE, 26,16.52,Washington.DC
12/04/2016, TRUE,  7,93.38,SanFrancisco
12/05/2016,FALSE, 20,58.56,Houston
12/06/2016,NA, 12,16.52,LosAngeles
12/07/2016, TRUE, 54,58.56,Washington.DC
12/08/2016,FALSE, 21,46.42,Washington.DC
12/09/2016, TRUE, 94,67.64,Atlanta
12/10/2016, TRUE, 10,45.10,NewYork
12/11/2016, TRUE, 17,74.22,Chicago
12/12/2016, TRUE, 73,77.96,LosAngeles
12/13/2016, TRUE, 81,16.93,Seattle
12/14/2016,FALSE, 68,52.42,Denver
12/15/2016, TRUE, 71,67.64,Houston
12/16/2016, TRUE, 30,54.87,Chicago
12/17/2016, TRUE, 33,73.97,Seattle
12/18/2016, TRUE, 55,77.96,NewYork
12/19/2016, TRUE, 16,19.48,Seattle
12/20/2016, TRUE,  8,16.93,Denver
12/21/2016,FALSE,  8,52.90,Houston
12/22/2016, TRUE, 59,52.90,Miami
12/23/2016, TRUE, 56,73.97,Houston
12/24/2016, TRUE, 85,66.86,NewYork
12/25/2016, TRUE, 95,73.97,Atlanta
12/26/2016, TRUE, 46,67.64,Chicago
12/27/2016, TRUE, 72,47.06,LosAngeles
12/28/2016, TRUE, 23,58.56,Washington.DC
12/29/2016, TRUE, 21,16.93,Atlanta
12/30/2016, TRUE, 58,47.06,Chicago
12/31/2016, TRUE,  1,93.38,Miami
01/01/2017, TRUE, 86,41.67,SanFrancisco
01/02/2017, TRUE, 59,38.90,SanFrancisco
01/03/2017, TRUE, 35,54.87,Washington.DC
01/04/2017, TRUE, 38,58.56,Atlanta
01/05/2017,NA, 91,93.38,Chicago
01/06/2017, TRUE, 29,77.04,SanFrancisco
01/07/2017, TRUE, 50,93.38,Seattle
01/08/2017, TRUE, 28,54.51,Houston
01/09/2017, TRUE, 23,47.06,NewYork
01/10/2017, TRUE,  2,77.04,Seattle
01/11/2017, TRUE, 94,67.64,LosAngeles
01/12/2017, TRUE, 97,16.52,Atlanta
01/13/2017, TRUE, 45,93.38,SanFrancisco
01/14/2017, TRUE, 72,73.97,Atlanta
01/15/2017, TRUE, 71,58.56,Denver
01/16/2017, TRUE, 20,77.04,Miami
01/17/2017,NA, 79,16.93,LosAngeles
01/18/2017, TRUE, 50,77.04,Houston
01/19/2017, TRUE, 36,46.42,Miami
01/20/2017, TRUE, 32,16.52,Seattle
01/21/2017, TRUE, 76,45.10,NewYork
01/22/2017, TRUE,  5,52.90,Houston
01/23/2017, TRUE, 27,58.56,NewYork
01/24/2017,FALSE, 33,77.04,Chicago
01/25/2017, TRUE, 30,54.51,Chicago
01/26/2017, TRUE, 37,16.93,Miami
01/27/2017, TRUE, 81,46.42,LosAngeles
01/28/2017, TRUE,  2,66.86,Miami
01/29/2017,FALSE, 80,54.51,NewYork
01/30/2017, TRUE, 82,16.52,Atlanta
01/31/2017, TRUE, 59,52.90,Seattle
02/01/2017,FALSE, 79,66.86,Denver
02/02/2017, TRUE, 97,38.90,Seattle
02/03/2017, TRUE,100,77.04,SanFrancisco
02/04/2017, TRUE, 11,16.52,LosAngeles
02/05/2017, TRUE, 18,16.52,Atlanta
02/06/2017, TRUE, 65,77.04,Chicago
02/07/2017, TRUE, 96,54.51,Chicago
02/08/2017, TRUE, 54,77.96,LosAngeles
02/09/2017, TRUE, 67,73.97,SanFrancisco
02/10/2017, TRUE, 77,16.93,Chicago
02/11/2017,FALSE, 21,54.87,Atlanta
02/12/2017, TRUE, 20,77.96,Seattle
02/13/2017, TRUE, 27,54.87,NewYork
02/14/2017, TRUE, 22,16.52,Houston
02/15/2017, TRUE, 78,77.04,Denver
02/16/2017, TRUE, 16,93.38,Washington.DC
02/17/2017, TRUE, 34,77.96,Seattle
02/18/2017, TRUE, 14,52.90,Miami
02/19/2017, TRUE, 55,77.96,SanFrancisco
02/20/2017, TRUE, 76,46.42,SanFrancisco
02/21/2017, TRUE, 90,77.96,Atlanta
02/22/2017, TRUE, 73,19.48,SanFrancisco
02/23/2017,FALSE, 51,41.67,Miami
02/24/2017, TRUE,  1,73.97,LosAngeles
02/25/2017,FALSE, 37,58.56,Houston
02/26/2017,FALSE, 30,47.06,LosAngeles
02/27/2017, TRUE, 62,77.04,Miami
02/28/2017, TRUE, 99,16.52,Chicago
03/01/2017, TRUE, 72,54.87,SanFrancisco
03/02/2017, TRUE, 63,54.87,Washington.DC
03/03/2017, TRUE, 99,93.38,NewYork
03/04/2017, TRUE, 99,77.96,Miami
03/05/2017, TRUE, 19,77.96,Denver
03/06/2017, TRUE, 88,38.90,Denver
03/07/2017, TRUE, 54,58.56,Atlanta
03/08/2017, TRUE, 46,74.22,Miami
03/09/2017, TRUE, 19,45.10,Chicago
03/10/2017, TRUE, 91,77.96,Denver
03/11/2017, TRUE, 99,58.56,SanFrancisco
03/12/2017, TRUE, 28,16.93,SanFrancisco
03/13/2017, TRUE, 42,41.67,Seattle
03/14/2017, TRUE, 12,77.04,Washington.DC
03/15/2017, TRUE, 31,46.42,NewYork
03/16/2017, TRUE, 85,19.48,Houston
03/17/2017, TRUE, 32,58.56,SanFrancisco
03/18/2017, TRUE, 71,77.04,Seattle
03/19/2017,NA, 54,93.38,Seattle
03/20/2017, TRUE, 53,19.48,NewYork
03/21/2017, TRUE, 33,46.42,SanFrancisco
03/22/2017, TRUE, 30,19.48,Denver
03/23/2017,FALSE, 74,74.22,Miami
03/24/2017,FALSE, 30,58.56,Denver
03/25/2017, TRUE, 33,16.93,Denver
03/26/2017, TRUE, 63,52.42,Chicago
03/27/2017, TRUE, 25,52.42,Seattle
03/28/2017, TRUE, 28,67.64,Seattle
03/29/2017, TRUE, 33,19.48,SanFrancisco
03/30/2017, TRUE, 39,74.22,Miami
03/31/2017, TRUE, 96,67.64,Washington.DC
04/01/2017, TRUE, 23,66.86,NewYork
04/02/2017, TRUE, 48,58.56,Miami
04/03/2017, TRUE, 79,38.90,Seattle
04/04/2017, TRUE, 21,46.42,Washington.DC
04/05/2017, TRUE, 78,54.87,Miami
04/06/2017, TRUE, 31,16.52,Washington.DC
04/07/2017, TRUE, 29,66.86,Chicago
04/08/2017, TRUE, 51,47.06,Washington.DC
04/09/2017, TRUE, 45,58.56,NewYork
04/10/2017, TRUE, 23,41.67,Seattle
04/11/2017, TRUE, 50,19.48,Atlanta
04/12/2017, TRUE, 98,16.93,Chicago
04/13/2017, TRUE, 38,77.96,LosAngeles
04/14/2017,NA, 76,54.87,Houston
04/15/2017, TRUE,  2,52.42,Atlanta
04/16/2017, TRUE, 85,58.56,Houston
04/17/2017, TRUE, 68,45.10,Houston
04/18/2017,FALSE, 60,47.06,Washington.DC
04/19/2017, TRUE, 76,77.96,Seattle
04/20/2017, TRUE,  7,16.52,LosAngeles
04/21/2017, TRUE, 72,74.22,Houston
04/22/2017, TRUE, 80,52.90,Atlanta
04/23/2017, TRUE, 63,16.93,LosAngeles
04/24/2017,NA, 40,45.10,Houston
04/25/2017, TRUE, 35,52.90,Washington.DC
04/26/2017, TRUE, 52,46.42,Chicago
04/27/2017, TRUE,  2,52.42,Atlanta
04/28/2017, TRUE, 97,52.90,Atlanta
04/29/2017, TRUE, 40,77.96,Seattle
04/30/2017, TRUE, 38,66.86,Seattle
05/01/2017, TRUE, 72,67.64,LosAngeles
05/02/2017, TRUE,  4,47.06,Houston
05/03/2017, TRUE,  7,93.38,NewYork
05/04/2017, TRUE, 28,66.86,Houston
05/05/2017, TRUE, 92,52.90,Atlanta
05/06/2017, TRUE, 93,58.56,Miami
05/07/2017, TRUE, 19,45.10,Denver
05/08/2017, TRUE, 95,52.90,NewYork
05/09/2017, TRUE, 41,52.90,NewYork
05/10/2017, TRUE, 88,66.86,LosAngeles
05/11/2017, TRUE, 15,67.64,Atlanta
05/12/2017, TRUE, 85,66.86,Chicago
05/13/2017, TRUE, 31,66.86,Atlanta
05/14/2017, TRUE, 23,52.42,SanFrancisco
05/15/2017, TRUE, 61,46.42,LosAngeles
05/16/2017,FALSE, 14,45.10,Chicago
05/17/2017, TRUE,  5,77.96,NewYork
05/18/2017,FALSE, 45,52.90,Denver
05/19/2017, TRUE, 17,77.04,NewYork
05/20/2017, TRUE, 92,54.51,Seattle
05/21/2017, TRUE, 59,77.96,SanFrancisco
05/22/2017, TRUE,  7,58.56,LosAngeles
05/23/2017, TRUE, 32,38.90,LosAngeles
05/24/2017, TRUE, 88,19.48,LosAngeles
05/25/2017, TRUE, 30,16.93,Atlanta
05/26/2017, TRUE, 26,54.87,NewYork
05/27/2017,FALSE, 81,46.42,Washington.DC
05/28/2017, TRUE,  2,73.97,Seattle
05/29/2017, TRUE, 34,45.10,Denver
05/30/2017, TRUE, 42,67.64,Chicago
05/31/2017, TRUE, 78,47.06,NewYork
06/01/2017, TRUE, 42,67.64,Seattle
06/02/2017, TRUE, 50,16.93,NewYork
06/03/2017, TRUE, 51,77.04,SanFrancisco
06/04/2017, TRUE, 39,66.86,SanFrancisco
06/05/2017, TRUE, 43,73.97,Atlanta
06/06/2017, TRUE, 70,54.87,Washington.DC
06/07/2017, TRUE, 41,66.86,SanFrancisco
06/08/2017, TRUE, 71,16.52,Miami
06/09/2017, TRUE, 22,52.90,SanFrancisco
06/10/2017, TRUE, 60,47.06,Chicago
06/11/2017, TRUE, 62,38.90,Atlanta
06/12/2017,FALSE, 43,58.56,Atlanta
06/13/2017, TRUE, 10,66.86,Atlanta
06/14/2017, TRUE, 61,77.04,Seattle
06/15/2017, TRUE, 84,77.96,Houston
06/16/2017, TRUE, 50,66.86,LosAngeles
06/17/2017, TRUE, 44,45.10,Washington.DC
06/18/2017,FALSE, 96,77.04,NewYork
06/19/2017, TRUE, 53,41.67,Atlanta
06/20/2017, TRUE, 34,52.42,NewYork
06/21/2017, TRUE, 60,74.22,Seattle
06/22/2017, TRUE, 48,45.10,Denver
06/23/2017, TRUE, 21,16.93,Miami
06/24/2017,NA, 72,67.64,LosAngeles
06/25/2017, TRUE, 98,16.52,Seattle
06/26/2017, TRUE, 13,93.38,Atlanta
06/27/2017, TRUE, 99,45.10,Atlanta
06/28/2017, TRUE, 50,41.67,SanFrancisco
06/29/2017, TRUE,  9,67.64,LosAngeles
06/30/2017,NA, 80,54.87,Atlanta
07/01/2017,FALSE, 77,16.52,Denver
07/02/2017, TRUE, 99,52.90,Denver
07/03/2017, TRUE, 39,58.56,Washington.DC
07/04/2017,FALSE, 21,54.51,NewYork
07/05/2017, TRUE, 56,16.93,Atlanta
07/06/2017, TRUE, 22,67.64,LosAngeles
07/07/2017, TRUE,  7,67.64,SanFrancisco
07/08/2017, TRUE, 80,45.10,Seattle
07/09/2017, TRUE, 94,19.48,Houston
07/10/2017, TRUE, 94,16.52,Chicago
07/11/2017, TRUE, 65,52.42,Chicago
07/12/2017, TRUE, 79,41.67,Seattle
07/13/2017, TRUE, 54,52.90,Denver
07/14/2017, TRUE, 82,41.67,SanFrancisco
07/15/2017, TRUE, 92,19.48,SanFrancisco
07/16/2017, TRUE, 37,74.22,Seattle
07/17/2017, TRUE, 84,66.86,NewYork
07/18/2017, TRUE, 57,52.42,Miami
07/19/2017, TRUE,  8,74.22,Chicago
07/20/2017, TRUE, 49,93.38,Atlanta
07/21/2017, TRUE, 78,54.51,Washington.DC
07/22/2017, TRUE, 38,47.06,SanFrancisco
07/23/2017, TRUE, 77,41.67,Atlanta
07/24/2017, TRUE, 19,52.90,Miami
07/25/2017, TRUE, 98,54.87,Atlanta
07/26/2017, TRUE, 76,67.64,Houston
07/27/2017,FALSE, 18,54.51,Houston
07/28/2017, TRUE, 13,54.51,Seattle
07/29/2017, TRUE, 73,16.93,Miami
07/30/2017,FALSE, 88,54.87,Washington.DC
07/31/2017,FALSE,  4,77.96,Denver
08/01/2017, TRUE, 35,41.67,Miami
08/02/2017, TRUE, 72,52.42,SanFrancisco
08/03/2017, TRUE,  9,41.67,Denver
08/04/2017, TRUE, 54,54.51,LosAngeles
08/05/2017, TRUE, 52,77.96,NewYork
08/06/2017, TRUE, 66,77.96,NewYork
08/07/2017, TRUE, 60,73.97,Miami
08/08/2017, TRUE, 10,58.56,Houston
08/09/2017, TRUE, 56,93.38,SanFrancisco
08/10/2017, TRUE, 49,19.48,Houston
08/11/2017,NA, 63,54.51,Houston
08/12/2017, TRUE,  4,58.56,Atlanta
08/13/2017, TRUE, 61,52.42,Chicago
08/14/2017, TRUE, 80,45.10,Washington.DC
08/15/2017, TRUE, 87,93.38,NewYork
08/16/2017, TRUE, 73,74.22,NewYork
08/17/2017, TRUE, 65,73.97,NewYork
08/18/2017,FALSE, 25,54.87,Chicago
08/19/2017, TRUE, 86,54.51,Miami
08/20/2017,FALSE, 38,74.22,Denver
08/21/2017, TRUE, 28,93.38,Chicago
08/22/2017, TRUE, 31,74.22,SanFrancisco
08/23/2017, TRUE, 59,19.48,Miami
08/24/2017, TRUE, 29,54.87,SanFrancisco
08/25/2017,FALSE, 34,52.42,LosAngeles
08/26/2017, TRUE, 90,19.48,Miami
08/27/2017, TRUE, 78,41.67,Washington.DC
08/28/2017, TRUE, 43,19.48,Miami
08/29/2017, TRUE, 37,47.06,NewYork
08/30/2017, TRUE, 22,38.90,Atlanta
08/31/2017, TRUE, 46,16.52,Chicago
09/01/2017, TRUE, 42,74.22,Washington.DC
09/02/2017, TRUE, 19,74.22,LosAngeles
09/03/2017, TRUE, 79,46.42,Miami
09/04/2017, TRUE, 85,54.51,SanFrancisco
09/05/2017, TRUE, 49,38.90,Miami
09/06/2017, TRUE, 52,58.56,SanFrancisco
09/07/2017,FALSE, 34,93.38,SanFrancisco
09/08/2017, TRUE, 77,16.93,NewYork
09/09/2017,FALSE, 55,54.51,SanFrancisco
09/10/2017, TRUE, 92,66.86,Atlanta
09/11/2017, TRUE,  8,45.10,Seattle
09/12/2017, TRUE, 28,66.86,Chicago
09/13/2017, TRUE, 31,74.22,Houston
09/14/2017, TRUE, 41,77.96,LosAngeles
09/15/2017,FALSE, 67,93.38,Chicago
09/16/2017, TRUE,  9,54.51,NewYork
09/17/2017, TRUE, 37,45.10,Washington.DC
09/18/2017, TRUE, 69,54.51,SanFrancisco
09/19/2017, TRUE, 94,93.38,LosAngeles
09/20/2017, TRUE,  1,47.06,Houston
09/21/2017,FALSE, 12,77.96,Chicago
09/22/2017, TRUE, 75,52.42,Houston
09/23/2017,FALSE, 52,58.56,Chicago
09/24/2017,NA, 28,74.22,SanFrancisco
09/25/2017,NA, 26,46.42,Denver
09/26/2017, TRUE, 48,41.67,LosAngeles
09/27/2017, TRUE, 62,19.48,Houston
09/28/2017, TRUE, 85,67.64,Miami
09/29/2017, TRUE, 30,19.48,Washington.DC
09/30/2017,FALSE,  3,77.04,Atlanta
10/01/2017, TRUE, 90,16.93,Seattle
10/02/2017, TRUE, 40,93.38,Chicago
10/03/2017, TRUE, 52,77.04,Houston
10/04/2017, TRUE, 22,93.38,Seattle
10/05/2017, TRUE, 11,58.56,Chicago
10/06/2017, TRUE, 14,41.67,NewYork
10/07/2017, TRUE, 20,38.90,LosAngeles
10/08/2017,FALSE, 14,19.48,NewYork
10/09/2017,NA, 95,73.97,Chicago
10/10/2017, TRUE, 17,52.90,Miami
10/11/2017, TRUE, 88,47.06,SanFrancisco
10/12/2017, TRUE, 23,41.67,SanFrancisco
10/13/2017,FALSE, 48,67.64,Seattle
10/14/2017, TRUE, 74,66.86,Houston
10/15/2017, TRUE, 31,41.67,NewYork
10/16/2017, TRUE, 23,77.04,Seattle
10/17/2017,FALSE, 23,66.86,SanFrancisco
10/18/2017, TRUE,100,41.67,Washington.DC
10/19/2017, TRUE, 19,74.22,Seattle
10/20/2017,FALSE, 95,52.90,Seattle
10/21/2017, TRUE, 30,73.97,Denver
10/22/2017, TRUE, 76,52.42,NewYork
10/23/2017, TRUE, 50,93.38,NewYork
10/24/2017, TRUE, 41,73.97,Houston
10/25/2017, TRUE, 83,16.93,LosAngeles
10/26/2017, TRUE, 71,46.42,Seattle
10/27/2017, TRUE, 25,52.90,Atlanta
10/28/2017, TRUE, 82,77.96,NewYork
10/29/2017, TRUE, 79,77.96,Atlanta
10/30/2017, TRUE, 92,52.42,Miami
10/31/2017, TRUE, 26,52.90,Denver
11/01/2017, TRUE, 54,16.93,SanFrancisco
11/02/2017, TRUE, 79,77.04,Miami
11/03/2017,FALSE, 73,77.96,Chicago
11/04/2017, TRUE, 16,73.97,Washington.DC
11/05/2017, TRUE, 79,58.56,LosAngeles
11/06/2017, TRUE, 28,58.56,LosAngeles
11/07/2017, TRUE,  7,58.56,Atlanta
11/08/2017, TRUE, 92,46.42,Chicago
11/09/2017, TRUE, 38,66.86,SanFrancisco
11/10/2017, TRUE, 13,66.86,Miami
11/11/2017, TRUE,100,52.42,Seattle
11/12/2017, TRUE, 13,93.38,Chicago
11/13/2017, TRUE, 43,16.52,Denver
11/14/2017, TRUE, 24,66.86,Washington.DC
11/15/2017, TRUE, 98,54.87,Seattle
11/16/2017, TRUE, 18,74.22,Atlanta
11/17/2017, TRUE, 24,52.42,Miami
11/18/2017, TRUE, 57,93.38,Houston
11/19/2017, TRUE, 27,54.51,SanFrancisco
11/20/2017, TRUE, 60,38.90,Houston
11/21/2017, TRUE, 32,74.22,Seattle
11/22/2017, TRUE, 90,47.06,LosAngeles
11/23/2017, TRUE, 80,16.52,Atlanta
11/24/2017, TRUE, 98,54.51,Atlanta
11/25/2017, TRUE, 36,52.42,Seattle
11/26/2017, TRUE, 85,54.51,LosAngeles
11/27/2017, TRUE, 92,47.06,Houston
11/28/2017, TRUE,  2,66.86,Seattle
11/29/2017, TRUE, 76,47.06,Miami
11/30/2017, TRUE,100,66.86,SanFrancisco
12/01/2017, TRUE, 61,54.87,Washington.DC
12/02/2017, TRUE, 54,19.48,Denver
12/03/2017, TRUE, 61,47.06,Atlanta
12/04/2017, TRUE, 83,67.64,Chicago
12/05/2017, TRUE,100,58.56,Denver
12/06/2017, TRUE, 87,77.96,Seattle
12/07/2017, TRUE, 49,58.56,Denver
12/08/2017, TRUE, 93,58.56,Washington.DC
12/09/2017, TRUE, 49,46.42,Miami
12/10/2017, TRUE, 25,73.97,Houston
12/11/2017, TRUE, 38,77.96,Houston
12/12/2017, TRUE, 95,46.42,Miami
12/13/2017, TRUE, 36,38.90,Washington.DC
12/14/2017, TRUE, 30,52.42,Seattle
12/15/2017,FALSE,100,58.56,Seattle
12/16/2017, TRUE, 64,41.67,Houston
12/17/2017, TRUE, 57,77.04,Washington.DC
12/18/2017, TRUE, 64,41.67,Seattle
12/19/2017, TRUE,  6,54.87,Houston
12/20/2017, TRUE, 73,38.90,Houston
12/21/2017, TRUE, 91,77.96,Atlanta
12/22/2017, TRUE, 46,45.10,Denver
12/23/2017, TRUE, 32,46.42,Atlanta
12/24/2017, TRUE, 75,38.90,Miami
12/25/2017, TRUE, 75,47.06,SanFrancisco
12/26/2017, TRUE, 35,45.10,Houston
12/27/2017, TRUE, 91,52.90,Washington.DC
12/28/2017, TRUE, 30,54.87,Seattle
12/29/2017, TRUE, 53,74.22,LosAngeles
12/30/2017,NA, 89,54.87,Atlanta
12/31/2017, TRUE, 98,16.93,NewYork
01/01/2018, TRUE, 21,93.38,Chicago
01/02/2018, TRUE, 41,77.04,Denver
01/03/2018, TRUE, 74,77.96,Atlanta
01/04/2018, TRUE, 18,52.90,LosAngeles
01/05/2018,FALSE, 24,52.42,Seattle
01/06/2018, TRUE, 82,74.22,NewYork
01/07/2018, TRUE,  1,47.06,SanFrancisco
01/08/2018,FALSE, 73,16.93,Washington.DC
01/09/2018,FALSE, 47,77.04,Atlanta
01/10/2018,FALSE, 14,16.93,Miami
01/11/2018, TRUE,  3,74.22,Chicago
01/12/2018, TRUE, 13,16.93,Seattle
01/13/2018, TRUE, 44,93.38,Atlanta
01/14/2018,FALSE, 91,19.48,Seattle
01/15/2018, TRUE, 70,16.52,Seattle
01/16/2018, TRUE,  1,41.67,Atlanta
01/17/2018, TRUE, 56,45.10,Chicago
01/18/2018,NA, 30,54.51,Houston
01/19/2018, TRUE, 93,93.38,Miami
01/20/2018, TRUE, 79,58.56,Chicago
01/21/2018,FALSE, 29,45.10,LosAngeles
01/22/2018,FALSE, 83,54.51,Houston
01/23/2018,FALSE, 92,58.56,Washington.DC
01/24/2018, TRUE, 51,77.96,Washington.DC
01/25/2018,FALSE, 61,66.86,Seattle
01/26/2018, TRUE, 77,16.93,Chicago
01/27/2018, TRUE, 62,54.87,Denver
01/28/2018,FALSE, 14,52.42,Chicago
01/29/2018,NA, 92,38.90,Chicago
01/30/2018, TRUE, 24,52.42,Washington.DC
01/31/2018, TRUE, 47,45.10,LosAngeles
02/01/2018, TRUE, 35,73.97,Washington.DC
02/02/2018,NA, 40,16.93,Atlanta
02/03/2018, TRUE, 37,54.87,NewYork
02/04/2018, TRUE, 32,73.97,SanFrancisco
02/05/2018, TRUE, 78,54.51,Atlanta
02/06/2018, TRUE, 49,52.90,Houston
02/07/2018, TRUE, 71,52.90,LosAngeles
02/08/2018,NA, 63,41.67,Atlanta
02/09/2018, TRUE, 92,54.51,Washington.DC
02/10/2018, TRUE, 76,47.06,Seattle
02/11/2018, TRUE, 72,45.10,Washington.DC
02/12/2018, TRUE,  5,19.48,Denver
02/13/2018, TRUE,  7,73.97,Seattle
02/14/2018, TRUE, 41,19.48,NewYork
02/15/2018,FALSE, 42,16.93,Denver
02/16/2018, TRUE, 46,73.97,SanFrancisco
02/17/2018, TRUE, 33,19.48,Seattle
02/18/2018,FALSE,  9,52.42,Chicago
02/19/2018,FALSE, 40,52.90,Denver
02/20/2018, TRUE, 80,54.51,Seattle
02/21/2018,FALSE, 14,45.10,LosAngeles
02/22/2018, TRUE, 38,67.64,Houston
02/23/2018, TRUE,  3,67.64,Denver
02/24/2018, TRUE, 11,77.04,Denver
02/25/2018, TRUE, 96,45.10,Washington.DC
02/26/2018,FALSE, 87,67.64,SanFrancisco
02/27/2018, TRUE, 76,74.22,Atlanta
02/28/2018, TRUE, 66,52.90,LosAngeles
03/01/2018, TRUE, 32,93.38,Houston
03/02/2018, TRUE, 24,47.06,SanFrancisco
03/03/2018, TRUE, 75,73.97,Houston
03/04/2018, TRUE, 70,58.56,SanFrancisco
03/05/2018, TRUE, 67,52.42,Denver
03/06/2018, TRUE, 79,52.90,Denver
03/07/2018, TRUE, 68,47.06,Washington.DC
03/08/2018, TRUE, 66,93.38,Houston
03/09/2018, TRUE, 66,73.97,Washington.DC
03/10/2018, TRUE, 11,45.10,Chicago
03/11/2018,FALSE, 31,52.42,Chicago
03/12/2018, TRUE, 12,93.38,LosAngeles
03/13/2018,NA, 49,73.97,Washington.DC
03/14/2018, TRUE, 20,67.64,Seattle
03/15/2018, TRUE, 59,58.56,Seattle
03/16/2018,FALSE, 11,77.96,Miami
03/17/2018, TRUE, 91,77.04,LosAngeles
03/18/2018, TRUE, 90,93.38,Houston
03/19/2018,FALSE,  1,73.97,Chicago
03/20/2018, TRUE, 80,46.42,Atlanta
03/21/2018, TRUE, 29,54.51,Miami
03/22/2018, TRUE, 54,46.42,SanFrancisco
03/23/2018, TRUE, 99,74.22,LosAngeles
03/24/2018, TRUE, 13,77.96,Washington.DC
03/25/2018, TRUE, 22,47.06,NewYork
03/26/2018,FALSE,  1,58.56,Seattle
03/27/2018, TRUE, 19,54.87,NewYork
03/28/2018, TRUE, 59,93.38,LosAngeles
03/29/2018, TRUE, 56,16.52,Chicago
03/30/2018, TRUE, 74,41.67,NewYork
03/31/2018, TRUE, 41,52.42,Miami
04/01/2018, TRUE, 51,58.56,Miami
04/02/2018,FALSE, 22,73.97,Houston
04/03/2018,FALSE, 16,52.90,NewYork
04/04/2018, TRUE, 73,67.64,Washington.DC
04/05/2018,NA, 44,66.86,Miami
04/06/2018, TRUE, 43,45.10,Washington.DC
04/07/2018, TRUE, 57,93.38,Houston
04/08/2018, TRUE, 90,52.90,Atlanta
04/09/2018, TRUE, 55,16.93,Chicago
04/10/2018,FALSE, 86,58.56,LosAngeles
04/11/2018, TRUE, 20,52.42,Washington.DC
04/12/2018, TRUE, 93,19.48,Chicago
04/13/2018, TRUE, 24,93.38,Atlanta
04/14/2018, TRUE, 35,58.56,NewYork
04/15/2018, TRUE,  8,16.52,NewYork
04/16/2018, TRUE, 16,73.97,Washington.DC
04/17/2018, TRUE,  8,58.56,Miami
04/18/2018,FALSE, 89,47.06,Houston
04/19/2018,NA, 81,38.90,LosAngeles
04/20/2018, TRUE, 89,93.38,Miami
04/21/2018, TRUE, 80,66.86,Denver
04/22/2018, TRUE, 55,67.64,Washington.DC
04/23/2018,FALSE,  9,46.42,LosAngeles
04/24/2018, TRUE, 98,66.86,Denver
04/25/2018, TRUE, 23,52.90,Miami
04/26/2018, TRUE, 33,66.86,NewYork
04/27/2018, TRUE, 49,77.96,Houston
04/28/2018,NA, 85,41.67,Houston
04/29/2018,FALSE, 82,67.64,Seattle
04/30/2018, TRUE, 44,16.93,Denver
05/01/2018, TRUE, 30,52.90,NewYork
05/02/2018, TRUE, 85,46.42,Chicago
05/03/2018, TRUE, 30,41.67,LosAngeles
05/04/2018, TRUE, 99,77.04,Seattle
05/05/2018, TRUE, 31,77.96,NewYork
05/06/2018, TRUE, 10,52.42,Miami
05/07/2018, TRUE, 58,77.96,Miami
05/08/2018, TRUE,  6,77.04,Houston
05/09/2018,FALSE, 98,77.04,Washington.DC
05/10/2018, TRUE, 49,74.22,Chicago
05/11/2018,NA,100,38.90,Atlanta
05/12/2018, TRUE, 94,77.04,Atlanta
05/13/2018, TRUE, 78,77.04,Miami
05/14/2018, TRUE, 92,46.42,Denver
05/15/2018, TRUE, 51,19.48,NewYork
05/16/2018, TRUE, 35,45.10,Washington.DC
05/17/2018, TRUE, 18,45.10,Houston
05/18/2018, TRUE, 47,16.52,Houston
05/19/2018, TRUE, 11,46.42,Denver
05/20/2018, TRUE, 18,77.96,Chicago
05/21/2018, TRUE, 68,38.90,SanFrancisco
05/22/2018, TRUE, 79,16.93,Seattle
05/23/2018,FALSE, 55,16.93,Washington.DC
05/24/2018, TRUE, 66,67.64,LosAngeles
05/25/2018, TRUE, 81,52.42,Seattle
05/26/2018, TRUE, 81,46.42,Washington.DC
05/27/2018, TRUE, 32,77.04,Atlanta
05/28/2018,FALSE, 45,58.56,Miami
05/29/2018, TRUE, 27,45.10,Chicago
05/30/2018, TRUE,  2,66.86,Washington.DC
05/31/2018, TRUE,  9,66.86,Chicago
06/01/2018,FALSE, 26,38.90,NewYork
06/02/2018, TRUE, 41,67.64,Washington.DC
06/03/2018, TRUE, 67,67.64,LosAngeles
06/04/2018, TRUE, 83,66.86,Denver
06/05/2018, TRUE, 82,47.06,Seattle
06/06/2018, TRUE, 11,47.06,Houston
06/07/2018, TRUE, 39,73.97,Chicago
06/08/2018, TRUE, 95,52.42,Chicago
06/09/2018, TRUE, 28,54.51,SanFrancisco
06/10/2018, TRUE, 89,38.90,NewYork
06/11/2018, TRUE, 16,45.10,Seattle
06/12/2018, TRUE, 58,41.67,Houston
06/13/2018, TRUE, 49,67.64,Seattle
06/14/2018, TRUE,  5,58.56,LosAngeles
06/15/2018, TRUE, 38,54.87,Miami
06/16/2018, TRUE, 50,47.06,Washington.DC
06/17/2018, TRUE,  8,41.67,Seattle
06/18/2018, TRUE, 90,47.06,Denver
06/19/2018, TRUE, 34,58.56,Chicago
06/20/2018, TRUE, 65,19.48,Houston
06/21/2018, TRUE, 82,67.64,Miami
06/22/2018, TRUE, 67,52.42,Washington.DC
06/23/2018, TRUE, 52,58.56,Seattle
